STATIONS_ID;MESS_DATUM;QN_3;  FX;  FM;QN_4; RSK;RSKF; SDK;SHK_TAG;  NM; VPM;  PM; TMK; UPM; TXK; TNK; TGK;eor
        164;20230113;   10;  15.0;   5.3;    9;   0.1;   6;    1.300;   0;   7.2;   8.8;  997.80;    8.7;   78.00;    9.8;    6.9;    5.6;eor
        164;20230114;   10;  13.3;   5.9;    9;   8.6;   6;    0.200;   0;   7.4;   8.1; 1001.10;    7.0;   81.00;    8.2;    5.8;    5.0;eor
        164;20230115;   10;  15.4;   6.2;    9;   0.0;   6;    0.500;   0;   6.2;   7.4;  990.80;    6.5;   76.00;    9.1;    4.8;    3.7;eor
        164;20230116;   10;  11.9;   4.9;    9;   0.0;   6;    4.500;   0;   6.8;   6.1;  986.30;    4.4;   73.00;    6.8;    3.0;    1.6;eor
        164;20230117;   10;  11.4;   4.3;    9;   0.0;   6;    0.200;   0;   5.7;   5.9;  978.80;    2.3;   82.00;    4.9;   -2.1;   -5.2;eor
        164;20230118;   10;   4.0;   1.5;    9;   0.0;   0;    0.200;   0;   7.0;   5.0;  989.00;   -1.4;   90.00;    1.1;   -4.0;   -5.3;eor
        164;20230119;   10;   8.5;   2.8;    9;   0.0;   8;    7.100;   0;   2.3;   4.6;  998.20;   -2.4;   89.00;   -0.4;   -5.1;   -6.5;eor
        164;20230120;   10;   8.3;   2.3;    9;   0.0;   8;    0.000;   0;   7.9;   5.3; 1010.10;   -0.6;   90.00;    0.4;   -1.7;   -2.8;eor
        164;20230121;   10;  17.6;   5.3;    9;  11.7;   8;    0.000;   0;   7.8;   5.6; 1019.70;    0.8;   87.00;    3.1;   -1.4;   -2.4;eor
        164;20230122;   10;   6.8;   3.1;    9;   2.0;   8;    0.000;   2;   7.6;   6.1; 1024.30;    0.6;   96.00;    1.1;    0.1;    0.0;eor
        164;20230123;   10;   4.3;   2.3;    9;   0.0;   7;    0.000;   1;   8.0;   5.7; 1031.80;    0.3;   91.00;    1.0;   -0.7;   -1.0;eor
        164;20230124;   10;   4.7;   1.6;    9;   0.0;   0;    0.000;   0;   8.0;   5.0; 1033.60;   -0.5;   84.00;    0.3;   -1.3;   -1.4;eor
        164;20230125;   10;   6.1;   2.4;    9;   0.0;   8;    0.000;   0;   8.0;   5.3; 1025.20;   -0.1;   88.00;    0.6;   -1.2;   -1.1;eor
        164;20230126;   10;   4.4;   1.8;    9;   0.3;   8;    0.000;   0;   7.8;   5.3; 1015.30;   -1.0;   93.00;   -0.4;   -1.5;   -1.9;eor
        164;20230127;   10;  11.2;   3.6;    9;   0.2;   6;    0.000;   0;   6.1;   5.9; 1018.10;    1.0;   89.00;    3.7;   -1.6;   -3.7;eor
        164;20230128;   10;   7.9;   2.5;    9;   0.0;   6;    0.000;   0;   7.3;   4.5; 1020.80;    0.2;   73.00;    1.6;   -1.4;   -3.1;eor
        164;20230129;   10;  12.7;   4.7;    9;   0.6;   8;    0.000;   0;   7.9;   5.9; 1014.30;    1.0;   89.00;    2.6;   -0.6;   -1.0;eor
        164;20230130;   10;  18.6;   7.9;    9;   4.4;   6;    0.700;   0;   7.3;   6.6;  998.60;    3.5;   84.00;    5.9;    1.6;    0.9;eor
        164;20230131;   10;  16.4;   7.2;    9;   2.6;   6;    0.000;   0;   6.9;   6.6; 1004.50;    3.7;   82.00;    5.7;    1.6;    0.5;eor
        164;20230201;   10;  14.7;   7.2;    9;   6.0;   6;    0.600;   0;   7.5;   6.9; 1000.00;    3.7;   86.00;    5.3;    2.2;    1.8;eor
        164;20230202;   10;  20.3;   6.3;    9;   3.2;   8;    3.400;   0;   6.9;   5.8; 1008.00;    2.3;   80.00;    4.9;   -2.1;   -4.0;eor
        164;20230203;   10;  21.0;   7.9;    9;   1.5;   6;    0.400;   0;   7.5;   7.3; 1005.50;    4.3;   87.00;    8.1;   -0.6;   -1.2;eor
        164;20230204;   10;  12.0;   3.7;    9;   0.0;   8;    3.300;   0;   3.9;   4.9; 1027.70;    0.1;   79.00;    4.0;   -4.5;   -6.1;eor
        164;20230205;   10;   5.1;   1.8;    9;   0.0;   8;    3.700;   0;   6.3;   4.2; 1031.90;   -2.7;   84.00;    0.9;   -5.8;   -7.6;eor
        164;20230206;   10;   5.9;   1.7;    9;   0.1;   8;    1.800;   0;   6.0;   4.6; 1033.20;   -2.5;   89.00;    1.3;   -6.1;   -8.0;eor
        164;20230207;   10;   4.2;   1.5;    9;   0.0;   0;    8.400;   0;   1.5;   4.0; 1035.50;   -3.0;   82.00;    2.7;   -8.1;   -9.4;eor
        164;20230208;   10;   8.9;   2.9;    9;   0.0;   0;    8.300;   0;   1.1;   4.0; 1034.70;   -2.6;   80.00;    0.6;   -5.7;   -7.7;eor
        164;20230209;   10;  11.1;   4.3;    9;   0.0;   0;    7.100;   0;   5.8;   3.7; 1025.60;   -1.1;   66.00;    3.1;   -6.1;   -7.6;eor
        164;20230210;   10;  12.2;   4.8;    9;   0.0;   0;    1.900;   0;   7.3;   5.9; 1024.90;    2.6;   79.00;    6.1;   -0.3;   -2.0;eor
        164;20230211;   10;  13.6;   5.9;    9;   0.1;   6;    0.000;   0;   7.9;   8.1; 1019.90;    5.7;   87.00;    7.7;    3.4;    2.6;eor
        164;20230212;   10;   6.9;   2.8;    9;   0.3;   6;    0.600;   0;   7.7;   8.5; 1029.10;    6.5;   88.00;    8.6;    4.8;    1.8;eor
        164;20230213;   10;   7.6;   3.3;    9;   0.0;   0;    0.000;   0;   8.0;   7.4; 1030.00;    5.5;   81.00;    6.6;    4.3;    3.4;eor
        164;20230214;   10;   4.9;   1.7;    9;   0.0;   0;    0.000;   0;   7.1;   6.2; 1029.30;    3.2;   81.00;    5.5;   -2.4;   -4.5;eor
        164;20230215;   10;   5.8;   1.6;    9;   0.0;   0;    0.200;   0;   6.9;   5.6; 1021.00;   -1.1;   98.00;    1.9;   -3.7;   -5.1;eor
        164;20230216;   10;   9.1;   2.8;    9;   0.3;   6;    5.400;   0;   7.6;   6.8; 1014.60;    4.5;   81.00;    9.9;   -2.0;   -3.8;eor
        164;20230217;   10;  20.1;   6.5;    9;   2.6;   6;    0.000;   0;   7.7;   9.5; 1005.00;    8.3;   86.00;   11.3;    6.1;    5.4;eor
        164;20230218;   10;  16.4;   5.4;    9;   9.0;   6;    0.000;   0;   7.4;   7.2; 1005.10;    4.8;   85.00;    7.1;    1.5;   -0.2;eor
        164;20230219;   10;  13.2;   5.2;    9;   0.0;   6;    5.000;   0;   6.6;   5.8; 1010.70;    3.2;   77.00;    7.1;    1.5;   -2.1;eor
        164;20230220;   10;  18.8;   7.8;    9;   4.7;   6;    0.100;   0;   7.7;   8.4; 1005.80;    6.4;   86.00;    8.8;    2.4;    1.0;eor
        164;20230221;   10;  14.4;   6.3;    9;   0.0;   0;    4.000;   0;   7.5;   8.1; 1006.20;    7.6;   77.00;   10.4;    4.1;    0.2;eor
        164;20230222;   10;   7.4;   2.4;    9;   0.0;   0;    5.100;   0;   6.5;   6.8; 1010.00;    4.8;   80.00;    9.4;   -1.4;   -3.0;eor
        164;20230223;   10;   7.7;   3.0;    9;   1.7;   6;    1.300;   0;   7.8;   7.4; 1005.70;    4.7;   85.00;    8.3;    0.5;   -0.8;eor
        164;20230224;   10;  12.4;   4.8;    9;   2.9;   8;    0.000;   0;   7.5;   6.6;  994.50;    2.9;   87.00;    5.9;    1.8;    1.4;eor
        164;20230225;   10;  13.8;   6.8;    9;   1.8;   8;    0.000;   0;   7.5;   6.0;  993.80;    1.0;   91.00;    2.6;   -0.6;   -1.0;eor
        164;20230226;   10;   9.9;   4.2;    9;   0.0;   0;    6.200;   2;   4.5;   4.8; 1013.10;    0.1;   78.00;    3.7;   -3.5;   -5.3;eor
        164;20230227;   10;   5.0;   1.8;    9;   0.0;   0;    2.600;   0;   5.2;   4.8; 1022.30;   -0.3;   82.00;    5.0;   -4.4;   -6.2;eor
        164;20230228;   10;   3.3;   1.2;    9;   0.0;   0;    9.800;   0;   0.0;   4.3; 1025.30;   -0.6;   77.00;    5.6;   -5.4;   -7.6;eor
        164;20230301;   10;   4.2;   1.5;    9;   0.0;   0;    9.800;   0;   2.8;   4.9; 1022.20;    0.6;   78.00;    8.6;   -6.0;   -7.4;eor
        164;20230302;   10;   5.1;   1.9;    9;   0.0;   0;    0.000;   0;   7.1;   5.5; 1018.50;   -1.2;   97.00;    0.1;   -3.5;   -5.0;eor
        164;20230303;   10;  12.7;   3.6;    9;   0.0;   6;    0.100;   0;   7.6;   5.8; 1014.70;    0.6;   91.00;    3.1;   -2.2;   -1.7;eor
        164;20230304;   10;  14.2;   5.3;    9;   0.2;   8;    0.600;   0;   6.3;   5.9; 1008.50;    2.7;   80.00;    7.2;   -2.5;   -5.1;eor
        164;20230305;   10;  10.1;   3.9;    9;   1.4;   7;    2.100;   0;   7.0;   4.4; 1002.90;    0.7;   69.00;    4.0;   -2.0;   -4.9;eor
        164;20230306;   10;   7.5;   2.2;    9;   1.0;   7;    4.100;   3;   6.8;   5.0;  996.50;    0.0;   82.00;    3.4;   -2.8;   -4.1;eor
        164;20230307;   10;  17.5;   5.4;    9;   1.8;   8;    1.300;   1;   7.5;   5.6;  987.50;    0.9;   86.00;    4.9;   -3.2;   -4.4;eor
        164;20230308;   10;   9.5;   3.4;    9;   0.1;   8;    1.400;   0;   6.1;   5.1;  990.80;    0.7;   81.00;    3.3;   -1.2;   -2.4;eor
        164;20230309;   10;   8.1;   3.2;    9;   8.5;   8;    0.000;   0;   7.8;   5.6;  991.20;   -0.2;   92.00;    0.5;   -0.9;   -1.2;eor
        164;20230310;   10;   7.1;   3.2;    9;   9.0;   8;    0.000;   1;   8.0;   6.1;  983.80;    0.3;   97.00;    1.1;   -0.2;   -0.1;eor
        164;20230311;   10;  13.6;   6.7;    9;   0.1;   8;    5.700;   3;   6.1;   5.3;  995.30;    1.0;   82.00;    3.5;    0.0;   -0.8;eor
        164;20230312;   10;  11.4;   4.2;    9;   0.4;   8;    4.400;   0;   5.7;   5.4; 1002.60;    2.2;   76.00;    5.2;   -1.1;   -2.5;eor
        164;20230313;   10;  13.7;   5.6;    9;   2.8;   6;    2.200;   0;   7.4;  10.5;  991.00;   10.1;   84.00;   15.7;    5.2;    4.3;eor
        164;20230314;   10;  21.7;   5.6;    9;   8.4;   8;    1.600;   0;   7.3;   8.8;  986.50;    8.3;   79.00;   13.9;    0.4;   -0.5;eor
        164;20230315;   10;  12.0;   4.9;    9;   0.5;   8;    6.500;   0;   2.1;   5.5; 1006.70;    1.9;   80.00;    6.1;   -0.3;   -1.4;eor
        164;20230316;   10;   7.9;   3.4;    9;   0.0;   0;   10.300;   0;   3.0;   5.0; 1014.70;    4.0;   63.00;    8.9;   -0.5;   -2.1;eor
        164;20230317;   10;  11.9;   5.1;    9;   0.0;   0;    3.800;   0;   8.0;   5.4; 1008.00;    7.0;   54.00;   11.8;    2.1;    0.8;eor
        164;20230318;   10;   8.1;   3.2;    9;   0.0;   6;    6.300;   0;   7.6;   7.9; 1005.60;   10.9;   59.00;   17.9;    5.6;    4.5;eor
        164;20230319;   10;   8.0;   2.1;    9;  11.1;   6;    2.400;   0;   7.8;  10.4; 1008.40;    9.3;   88.00;   14.1;    4.8;    2.6;eor
        164;20230320;   10;  10.4;   3.4;    9;   0.0;   6;    0.000;   0;   7.4;   9.5; 1009.40;    8.6;   85.00;   10.9;    5.8;    2.5;eor
        164;20230321;   10;   6.9;   2.7;    9;   1.6;   6;    0.100;   0;   8.0;   9.5; 1008.20;    8.7;   84.00;   10.7;    6.4;    5.3;eor
        164;20230322;   10;  10.7;   3.8;    9;   2.1;   6;    0.700;   0;   7.9;  10.4; 1002.00;   11.5;   78.00;   16.3;    8.2;    7.1;eor
        164;20230323;   10;  13.2;   4.1;    9;   3.2;   6;    2.000;   0;   7.5;  10.7;  998.40;   11.0;   82.00;   15.5;    9.1;    7.1;eor
        164;20230324;   10;  15.6;   4.8;    9;   1.1;   6;    3.200;   0;   5.7;  10.2;  994.90;   11.8;   75.00;   16.5;    8.6;    6.4;eor
        164;20230325;   10;  17.6;   4.4;    9;   3.8;   6;    3.300;   0;   6.7;   9.0;  994.80;    8.8;   80.00;   13.0;    6.3;    4.7;eor
        164;20230326;   10;  12.4;   4.8;    9;   0.0;   6;    3.400;   0;   7.5;   7.3;  995.60;    6.9;   74.00;   10.8;    1.8;   -0.9;eor
        164;20230327;   10;  15.9;   5.7;    9;   0.7;   8;    8.700;   0;   4.5;   4.9; 1004.40;    2.5;   69.00;    6.8;   -0.6;   -1.9;eor
        164;20230328;   10;  13.7;   5.2;    9;   0.6;   8;    9.100;   0;   3.6;   4.6; 1014.00;    2.0;   67.00;    6.7;   -0.9;   -3.4;eor
        164;20230329;   10;   9.6;   3.1;    9;   0.6;   6;    1.700;   0;   8.0;   6.2; 1009.60;    5.2;   69.00;    9.7;   -0.7;   -2.7;eor
        164;20230330;   10;  13.2;   3.7;    9;   3.6;   6;    1.800;   0;   7.4;  10.2;  999.40;   10.0;   84.00;   18.0;    6.0;    5.5;eor
        164;20230331;   10;   8.9;   3.0;    9;  14.4;   6;    2.000;   0;   7.2;  10.8;  992.40;   10.5;   85.00;   14.7;    8.4;    6.8;eor
        164;20230401;   10;  12.8;   5.0;    9;   4.3;   6;    0.000;   0;   8.0;   8.5;  996.40;    5.5;   92.00;    8.9;    2.6;    2.4;eor
        164;20230402;   10;  12.3;   5.9;    9;   0.0;   0;    5.700;   0;   4.7;   5.6; 1015.40;    3.6;   71.00;    8.4;   -0.9;   -3.2;eor
        164;20230403;   10;  10.8;   4.2;    9;   0.0;   8;    3.100;   0;   4.1;   4.8; 1025.10;    1.3;   72.00;    5.5;   -3.0;   -4.9;eor
        164;20230404;   10;   9.3;   2.9;    9;   0.0;   7;    9.000;   0;   4.5;   4.5; 1021.30;    1.5;   69.00;    7.7;   -4.4;   -6.3;eor
        164;20230405;   10;   5.5;   2.2;    9;   0.0;   8;    1.600;   0;   7.7;   5.5; 1016.30;    3.2;   72.00;    6.8;    0.2;   -0.2;eor
        164;20230406;   10;   7.6;   2.4;    9;   0.0;   0;    9.000;   0;   3.6;   5.4; 1014.80;    5.2;   63.00;   10.2;    0.1;   -3.3;eor
        164;20230407;   10;   7.9;   3.1;    9;   0.7;   6;    0.000;   0;   7.8;   6.9; 1013.80;    3.0;   90.00;    5.8;   -0.7;   -3.1;eor
        164;20230408;   10;   7.1;   2.9;    9;   0.0;   0;    4.400;   0;   7.4;   8.8; 1018.30;    6.9;   89.00;   12.3;    4.1;    4.2;eor
        164;20230409;   10;   5.6;   2.4;    9;   0.0;   0;    1.400;   0;   5.8;   8.6; 1020.50;    6.3;   90.00;   11.5;    1.7;   -0.1;eor
        164;20230410;   10;  10.5;   3.2;    9;   0.4;   6;   11.300;   0;   6.3;   8.3; 1015.60;    8.9;   74.00;   15.0;   -0.2;   -1.9;eor
        164;20230411;   10;  15.2;   4.4;    9;   4.6;   6;    0.900;   0;   6.8;   8.7; 1003.00;    8.2;   80.00;   11.4;    3.8;    1.5;eor
        164;20230412;   10;  10.8;   3.8;    9;   1.7;   6;    8.600;   0;   3.9;   7.3;  999.30;    8.4;   69.00;   13.6;    0.4;   -2.2;eor
        164;20230413;   10;   8.0;   2.8;    9;   0.0;   6;    1.300;   0;   7.8;   8.9;  998.40;    9.1;   78.00;   13.2;    4.7;    2.5;eor
        164;20230414;   10;   6.8;   2.9;    9;   8.0;   6;    0.000;   0;   7.7;   9.7; 1001.70;    7.4;   93.00;    8.8;    5.7;    5.0;eor
        164;20230415;   10;   9.6;   3.8;    9;   3.3;   6;    0.000;   0;   7.9;  10.7; 1003.00;    9.2;   92.00;   11.1;    6.7;    5.1;eor
        164;20230416;   10;   8.4;   3.4;    9;   0.6;   6;    0.000;   0;   8.0;  10.2; 1012.50;    8.6;   91.00;   10.4;    6.2;    5.7;eor
        164;20230417;   10;   7.6;   3.7;    9;   0.9;   6;    0.000;   0;   7.9;   8.5; 1019.20;    6.4;   88.00;    8.3;    4.1;    2.6;eor
        164;20230418;   10;  11.3;   4.5;    9;   0.0;   6;    1.700;   0;   7.5;   8.5; 1021.90;    8.1;   78.00;   14.9;    3.1;    1.3;eor
        164;20230419;   10;  13.4;   5.3;    9;   9.2;   6;    5.700;   0;   4.9;   7.2; 1017.40;    6.2;   77.00;   11.7;    2.4;    0.1;eor
        164;20230420;   10;  10.3;   2.9;    9;   0.2;   6;    6.300;   0;   4.3;   9.8; 1014.70;   10.0;   81.00;   17.4;    4.8;    4.7;eor
        164;20230421;   10;   9.6;   3.3;    9;   0.0;   0;   13.000;   0;   1.2;   8.3; 1012.40;   12.5;   60.00;   19.3;    5.1;    2.6;eor
        164;20230422;   10;   9.0;   3.0;    9;   0.1;   6;   13.100;   0;   0.9;   8.5; 1006.10;   13.4;   58.00;   20.6;    3.4;    1.1;eor
        164;20230423;   10;   8.6;   2.6;    9;   2.2;   6;    1.600;   0;   7.7;  11.3; 1000.30;   12.1;   80.00;   15.4;    7.5;    4.8;eor
        164;20230424;   10;  13.9;   3.6;    9;   0.1;   6;    4.300;   0;   7.2;  10.5;  996.40;   11.7;   77.00;   17.2;    6.1;    4.5;eor
        164;20230425;   10;  12.0;   5.0;    9;   0.2;   6;    1.500;   0;   6.5;   7.3; 1001.30;    7.7;   69.00;   10.7;    3.7;    2.2;eor
        164;20230426;   10;  12.4;   5.5;    9;   0.0;   6;    6.300;   0;   4.5;   6.2; 1008.10;    6.1;   67.00;   10.6;    2.0;    0.7;eor
        164;20230427;   10;  10.1;   3.3;    9;   0.0;   6;    8.100;   0;   4.4;   5.9; 1013.00;    6.3;   64.00;   11.3;    0.9;   -2.2;eor
        164;20230428;   10;   9.0;   2.8;    9;   1.7;   6;   10.100;   0;   5.6;   7.7; 1009.30;    9.1;   68.00;   15.5;   -0.8;   -3.5;eor
        164;20230429;   10;  10.2;   3.6;    9;   1.3;   6;    1.900;   0;   5.6;  10.1; 1006.90;   10.2;   81.00;   14.5;    5.6;    3.8;eor
        164;20230430;   10;   9.8;   3.4;    9;   0.0;   0;   13.500;   0;   0.2;   6.7; 1015.80;    7.9;   65.00;   14.0;    2.6;   -0.2;eor
        164;20230501;   10;   9.6;   2.6;    9;   0.0;   0;   11.500;   0;   7.2;   7.5; 1010.60;   10.7;   62.00;   17.7;    1.1;   -1.7;eor
        164;20230502;   10;  10.3;   3.8;    9;   0.0;   0;    3.100;   0;   6.3;   8.2; 1013.40;    9.6;   68.00;   13.0;    5.0;    1.2;eor
        164;20230503;   10;   6.6;   2.3;    9;   0.0;   0;   12.100;   0;   0.8;   6.8; 1020.90;    8.9;   62.00;   15.4;    3.1;   -0.1;eor
        164;20230504;   10;   6.9;   2.2;    9;   0.0;   0;   10.900;   0;   4.4;   7.8; 1017.90;   10.4;   65.00;   17.5;    1.6;   -0.7;eor
        164;20230505;   10;  12.0;   5.0;    9;   2.7;   6;    9.300;   0;   7.9;   8.5; 1014.70;   12.3;   60.00;   17.4;    7.4;    5.9;eor
        164;20230506;   10;  11.3;   3.9;    9;   5.1;   6;    0.000;   0;   7.8;   8.9; 1013.90;    7.4;   87.00;   10.2;    6.0;    5.8;eor
        164;20230507;   10;   8.9;   3.6;    9;   0.0;   0;   11.000;   0;   2.2;   8.4; 1018.50;   10.6;   68.00;   16.5;    4.3;    1.7;eor
        164;20230508;   10;  13.4;   4.9;    9;   0.0;   0;   14.000;   0;   0.0;   7.0; 1021.20;   11.3;   56.00;   17.2;    3.9;    0.5;eor
        164;20230509;   10;  14.8;   5.8;    9;   0.0;   0;   14.100;   0;   0.5;   7.1; 1013.90;   13.1;   49.00;   18.6;    6.5;    4.3;eor
        164;20230510;   10;  12.7;   5.2;    9;   0.0;   0;   14.100;   0;   1.2;   8.7; 1006.40;   15.6;   50.00;   21.5;    8.9;    7.0;eor
        164;20230511;   10;  11.5;   3.8;    9;   0.0;   0;    9.000;   0;   4.8;   9.7; 1009.90;   16.6;   53.00;   21.9;   10.3;    7.3;eor
        164;20230512;   10;  11.3;   3.5;    9;   0.0;   0;   14.200;   0;   0.4;   8.4; 1013.90;   15.2;   52.00;   22.0;    6.8;    3.6;eor
        164;20230513;   10;  12.1;   3.6;    9;   0.0;   0;   10.500;   0;   2.5;   7.9; 1015.90;   15.4;   48.00;   22.3;    8.3;    5.0;eor
        164;20230514;   10;   7.8;   1.9;    9;   0.0;   6;    4.400;   0;   7.4;   9.5; 1011.50;   15.1;   58.00;   21.4;    6.9;    4.8;eor
        164;20230515;   10;  11.5;   2.2;    9;   5.1;   6;    1.900;   0;   6.5;  12.1; 1002.40;   12.9;   82.00;   20.6;    7.9;    5.0;eor
        164;20230516;   10;  10.4;   3.9;    9;   0.0;   6;    2.200;   0;   6.3;   9.4; 1007.10;   10.9;   73.00;   15.3;    6.5;    3.6;eor
        164;20230517;   10;  12.0;   4.5;    9;   0.0;   0;   12.100;   0;   4.5;   7.4; 1015.50;   10.1;   62.00;   14.9;    4.7;    2.8;eor
        164;20230518;   10;   7.9;   2.4;    9;   0.0;   0;   10.900;   0;   5.1;   7.8; 1021.40;   10.5;   64.00;   17.5;    3.8;    1.7;eor
        164;20230519;   10;   9.3;   3.1;    9;   0.0;   0;    8.200;   0;   7.6;   8.6; 1021.00;   12.4;   62.00;   19.2;    4.7;    2.5;eor
        164;20230520;   10;   8.3;   3.0;    9;   0.0;   0;    3.900;   0;   6.5;  11.6; 1018.80;   13.1;   77.00;   20.1;    6.1;    4.5;eor
        164;20230521;   10;  11.1;   3.7;    9;   0.0;   0;    9.500;   0;   7.4;  13.5; 1013.50;   19.2;   63.00;   26.6;   11.5;    9.5;eor
        164;20230522;   10;  10.1;   3.0;    9;   0.0;   0;   12.600;   0;   6.9;  10.8; 1010.20;   19.1;   52.00;   25.8;   11.5;    8.8;eor
        164;20230523;   10;  15.1;   3.3;    9;   0.6;   6;    1.000;   0;   7.8;  11.8; 1006.60;   14.7;   71.00;   21.1;   10.2;    9.2;eor
        164;20230524;   10;   7.1;   2.8;    9;   0.0;   0;    0.500;   0;   8.0;  10.1; 1013.60;   12.6;   70.00;   15.7;    8.9;    8.9;eor
        164;20230525;   10;   7.9;   2.9;    9;   0.0;   0;    8.900;   0;   3.8;  10.8; 1017.40;   14.5;   67.00;   20.5;    8.0;    5.6;eor
        164;20230526;   10;   9.5;   3.4;    9;   0.0;   0;   14.300;   0;   0.2;   9.4; 1020.20;   12.5;   67.00;   18.2;    6.6;    3.9;eor
        164;20230527;   10;   6.3;   1.7;    9;   0.0;   0;   14.400;   0;   0.1;   9.0; 1020.00;   13.6;   62.00;   20.2;    5.3;    2.7;eor
        164;20230528;   10;   7.9;   1.8;    9;   0.0;   0;   14.100;   0;   0.5;   9.1; 1014.60;   15.5;   57.00;   23.2;    6.0;    3.9;eor
        164;20230529;   10;   9.7;   2.6;    9;   0.0;   0;   11.000;   0;   5.9;   9.4; 1015.30;   14.4;   60.00;   21.0;    7.3;    5.5;eor
        164;20230530;   10;   8.3;   2.8;    9;   0.0;   0;   14.200;   0;   1.8;   8.8; 1017.90;   14.6;   56.00;   22.4;    6.3;    4.4;eor
        164;20230531;   10;   6.4;   2.0;    9;   0.0;   0;   14.200;   0;   5.5;   8.7; 1016.60;   16.2;   52.00;   24.6;    5.8;    3.4;eor
        164;20230601;   10;   9.0;   3.7;    9;   0.0;   0;    8.500;   0;   3.8;  10.8; 1010.30;   15.0;   65.00;   20.9;    9.5;    7.2;eor
        164;20230602;   10;  11.2;   4.1;    9;   0.0;   0;   10.700;   0;   2.5;   8.2; 1014.00;   13.1;   58.00;   19.2;    4.3;    2.0;eor
        164;20230603;   10;   6.3;   1.9;    9;   0.0;   0;   14.800;   0;   3.2;   6.5; 1017.50;   12.0;   51.00;   19.4;    2.2;    0.0;eor
        164;20230604;   10;   5.0;   1.6;    9;   0.0;   0;   14.700;   0;   2.8;   7.3; 1015.90;   14.8;   49.00;   22.7;    4.8;    2.9;eor
        164;20230605;   10;   6.1;   1.9;    9;   0.0;   0;   14.700;   0;   1.1;   9.0; 1015.00;   17.4;   50.00;   25.8;    6.9;    4.7;eor
        164;20230606;   10;   7.3;   2.2;    9;   0.0;   0;   10.200;   0;   4.6;  10.3; 1013.00;   19.4;   48.00;   27.1;   10.9;    8.4;eor
        164;20230607;   10;   9.1;   2.9;    9;   0.0;   0;   13.400;   0;   3.1;  11.1; 1012.50;   20.6;   49.00;   28.1;   11.8;    9.6;eor
        164;20230608;   10;   7.7;   2.6;    9;   0.0;   0;   13.300;   0;   3.3;  11.8; 1010.60;   21.2;   49.00;   29.3;   12.4;   11.4;eor
        164;20230609;   10;  10.0;   3.0;    9;   0.0;   0;   14.500;   0;   3.6;  11.9; 1010.30;   19.1;   59.00;   28.4;   11.8;    9.9;eor
        164;20230610;   10;  11.4;   3.3;    9;   0.0;   6;   10.000;   0;   3.5;  12.7; 1012.20;   19.6;   61.00;   29.2;   11.8;   10.2;eor
        164;20230611;   10;   7.9;   2.6;    9;   0.0;   0;   12.500;   0;   2.4;  10.9; 1014.40;   19.0;   53.00;   27.8;    9.5;    6.9;eor
        164;20230612;   10;  10.0;   2.7;    9;   0.0;   0;   12.200;   0;   1.9;   9.3; 1013.90;   19.0;   45.00;   26.2;    9.8;    7.3;eor
        164;20230613;   10;  11.0;   4.0;    9;   0.0;   0;    9.400;   0;   5.4;   9.9; 1010.80;   17.1;   53.00;   23.2;    9.2;    7.6;eor
        164;20230614;   10;   8.5;   2.0;    9;   0.0;   6;    2.000;   0;   7.0;  11.5; 1012.40;   16.8;   62.00;   23.8;   10.4;    8.4;eor
        164;20230615;   10;   9.3;   2.3;    9;   1.0;   6;    2.800;   0;   7.8;  13.2; 1011.10;   16.3;   73.00;   23.7;   11.8;   10.9;eor
        164;20230616;   10;  10.0;   3.1;    9;  11.2;   6;    1.700;   0;   7.8;  15.3; 1007.90;   15.0;   89.00;   18.4;   12.8;   12.2;eor
        164;20230617;   10;   7.7;   2.4;    9;   2.6;   6;    2.800;   0;   6.5;  15.8; 1006.90;   16.5;   85.00;   21.7;   12.3;   10.7;eor
        164;20230618;   10;   7.0;   1.9;    9;   0.0;   0;    9.700;   0;   3.4;  14.4; 1007.80;   19.0;   68.00;   25.6;   10.7;    9.8;eor
        164;20230619;   10;   6.2;   2.1;    9;   0.0;   6;    2.100;   0;   6.5;  16.4; 1007.40;   20.1;   71.00;   25.6;   14.4;   12.5;eor
        164;20230620;   10;   7.6;   1.6;    9;   1.0;   6;    5.100;   0;   6.8;  19.1; 1007.30;   21.0;   77.00;   26.9;   14.3;   13.1;eor
        164;20230621;   10;  11.5;   3.2;    9;   0.0;   6;    6.900;   0;   6.0;  19.6; 1008.20;   22.4;   74.00;   28.9;   16.2;   14.1;eor
        164;20230622;   10;   6.8;   2.0;    9;  11.4;   6;   11.500;   0;   6.5;  16.1; 1012.00;   21.7;   65.00;   28.5;   14.2;   11.9;eor
        164;20230623;   10;   7.7;   2.8;    9;   7.9;   6;    0.000;   0;   7.9;  17.9; 1010.40;   17.1;   92.00;   18.5;   15.5;   14.5;eor
        164;20230624;   10;   8.8;   3.3;    9;   0.0;   6;   13.000;   0;   3.5;  14.8; 1015.80;   19.3;   68.00;   25.1;   14.2;   13.0;eor
        164;20230625;   10;   5.3;   1.3;    9;   0.0;   0;    6.000;   0;   5.4;  16.8; 1012.80;   21.3;   69.00;   27.1;   15.2;   15.2;eor
        164;20230626;   10;  13.6;   2.8;    9;   3.5;   6;    7.800;   0;   4.9;  18.0; 1007.10;   21.4;   73.00;   30.3;   15.0;   14.0;eor
        164;20230627;   10;  19.3;   5.4;    9;   5.4;   6;   10.700;   0;   4.1;  13.3; 1007.60;   16.2;   73.00;   20.3;   12.1;   11.4;eor
        164;20230628;   10;  12.7;   5.1;    9;   0.0;   0;    5.200;   0;   5.5;  13.4; 1008.50;   17.2;   70.00;   23.6;   12.3;   10.8;eor
        164;20230629;   10;   8.1;   2.4;    9;   0.5;   6;    9.500;   0;   4.4;  15.2; 1007.90;   19.7;   67.00;   24.5;   10.8;    9.6;eor
        164;20230630;   10;   8.5;   2.4;    9;   2.9;   6;    1.400;   0;   7.3;  17.5; 1003.90;   18.1;   84.00;   21.3;   12.5;   11.2;eor
        164;20230701;   10;  11.1;   3.4;    9;   2.3;   6;    3.900;   0;   7.5;  15.3;  998.80;   18.0;   76.00;   23.7;   12.5;   10.9;eor
        164;20230702;   10;  15.2;   5.8;    9;   0.0;   0;    7.500;   0;   5.8;  12.8;  998.70;   18.0;   64.00;   22.1;   15.0;   13.1;eor
        164;20230703;   10;  14.8;   4.2;    9;   0.0;   6;    3.600;   0;   6.9;  10.7; 1002.20;   17.5;   55.00;   22.0;   12.9;   11.8;eor
        164;20230704;   10;  13.0;   4.7;    9;   0.0;   0;    8.700;   0;   3.5;  11.2; 1005.00;   17.7;   56.00;   22.1;   10.8;    8.4;eor
        164;20230705;   10;  13.1;   4.1;    9;   0.0;   6;    4.800;   0;   5.5;  12.0; 1004.70;   18.3;   58.00;   24.7;   10.4;    8.3;eor
        164;20230706;   10;   8.4;   3.4;    9;   0.0;   0;   10.000;   0;   2.5;  11.2; 1011.10;   17.3;   58.00;   23.1;   11.0;    8.9;eor
        164;20230707;   10;   6.6;   1.6;    9;   0.0;   0;   13.600;   0;   1.9;  11.3; 1015.60;   19.7;   54.00;   27.6;    9.3;    7.5;eor
        164;20230708;   10;  10.2;   2.2;    9;   0.0;   0;   14.700;   0;   0.0;  11.9; 1014.80;   21.2;   53.00;   30.4;   11.4;    9.4;eor
        164;20230709;   10;   6.4;   1.7;    9;   0.0;   6;   13.400;   0;   3.0;  12.2; 1014.60;   22.1;   51.00;   31.8;   10.6;    9.4;eor
        164;20230710;   10;  15.2;   2.7;    9;   1.7;   6;    5.500;   0;   5.3;  17.0; 1011.40;   21.0;   71.00;   31.0;   15.0;   13.3;eor
        164;20230711;   10;   9.8;   2.3;    9;   0.0;   0;   13.300;   0;   5.2;  14.2; 1009.40;   22.2;   57.00;   28.9;   12.5;   11.8;eor
        164;20230712;   10;  14.3;   4.7;    9;   0.0;   6;    6.600;   0;   5.0;  14.4; 1002.10;   22.8;   52.00;   28.1;   15.1;   12.8;eor
        164;20230713;   10;  15.8;   3.7;    9;   0.0;   6;    9.900;   0;   4.5;  13.0; 1008.00;   19.1;   62.00;   25.6;   12.9;   11.2;eor
        164;20230714;   10;   7.4;   2.4;    9;   0.0;   0;   11.000;   0;   3.8;  12.6; 1010.10;   19.6;   58.00;   26.4;   12.6;   10.4;eor
        164;20230715;   10;  10.7;   3.3;    9;   0.9;   6;   10.200;   0;   6.3;  14.1; 1003.80;   26.0;   44.00;   34.5;   16.9;   14.2;eor
        164;20230716;   10;  11.7;   4.0;    9;   0.0;   6;    9.400;   0;   5.2;  15.7; 1005.80;   23.5;   56.00;   28.8;   17.3;   15.5;eor
        164;20230717;   10;  14.8;   4.3;    9;   0.0;   6;   10.100;   0;   5.0;  11.9; 1009.50;   21.4;   49.00;   27.8;   14.5;   13.3;eor
        164;20230718;   10;  10.2;   3.5;    9;   0.0;   0;    8.900;   0;   5.1;  11.9; 1011.60;   18.6;   58.00;   25.1;   13.1;   11.5;eor
        164;20230719;   10;   7.5;   1.8;    9;   2.2;   6;    0.900;   0;   7.3;  14.0; 1005.10;   17.6;   71.00;   23.5;   12.1;   10.8;eor
        164;20230720;   10;  12.7;   3.9;    9;   0.1;   6;    6.600;   0;   6.3;  12.8; 1005.10;   17.0;   69.00;   22.8;   12.3;   10.4;eor
        164;20230721;   10;   7.0;   2.3;    9;   0.5;   6;    3.300;   0;   5.7;  12.8; 1004.70;   15.9;   72.00;   20.8;   10.1;    8.2;eor
        164;20230722;   10;  12.2;   4.3;    9;   0.4;   6;    7.600;   0;   6.5;  12.2; 1005.60;   17.3;   64.00;   22.7;   12.5;   10.7;eor
        164;20230723;   10;  15.6;   3.7;    9;   2.0;   6;    0.700;   0;   7.7;  13.8; 1002.10;   19.6;   63.00;   25.5;   13.8;   13.3;eor
        164;20230724;   10;  17.2;   4.0;    9;   6.3;   6;    5.500;   0;   7.0;  17.2;  996.00;   19.9;   75.00;   27.3;   15.8;   15.1;eor
        164;20230725;   10;  10.5;   4.5;    9;   0.0;   0;    7.500;   0;   5.3;  13.0;  996.90;   17.3;   68.00;   23.2;   13.2;   11.8;eor
        164;20230726;   10;  15.9;   3.9;    9;   0.0;   6;    8.100;   0;   6.6;  11.5; 1002.70;   15.4;   67.00;   20.9;   11.1;   10.1;eor
        164;20230727;   10;  10.7;   3.4;    9;   4.5;   6;    6.300;   0;   6.3;  13.7; 1001.60;   16.0;   76.00;   21.6;   10.1;    8.6;eor
        164;20230728;   10;  10.1;   3.4;    9;   2.3;   6;    3.000;   0;   6.3;  17.8;  998.00;   19.1;   82.00;   24.5;   15.5;   14.3;eor
        164;20230729;   10;   8.9;   2.5;    9;   7.4;   6;    4.600;   0;   6.7;  19.4; 1000.40;   19.7;   85.00;   25.2;   16.1;   14.9;eor
        164;20230730;   10;  10.9;   3.9;    9;   1.3;   6;    7.700;   0;   4.9;  15.1; 1002.40;   19.2;   69.00;   24.2;   14.9;   13.4;eor
        164;20230731;   10;  12.5;   4.0;    9;   1.3;   6;    0.600;   0;   7.9;  16.2; 1000.40;   17.0;   83.00;   20.4;   13.9;   13.4;eor
        164;20230801;   10;  16.3;   4.1;    9;   3.6;   6;    3.000;   0;   6.1;  16.8;  991.40;   17.6;   84.00;   21.5;   14.9;   13.6;eor
        164;20230802;   10;  12.3;   4.8;    9;   3.6;   6;    6.200;   0;   6.5;  15.1;  991.10;   18.7;   71.00;   23.2;   15.2;   14.0;eor
        164;20230803;   10;  14.6;   4.9;    9;   5.3;   6;    4.700;   0;   5.8;  16.7;  991.00;   18.4;   79.00;   22.3;   16.3;   15.2;eor
        164;20230804;   10;   9.2;   3.5;    9;   0.0;   6;    6.100;   0;   6.1;  15.8; 1003.40;   18.6;   75.00;   23.1;   13.6;   11.9;eor
        164;20230805;   10;   6.5;   2.2;    9;   3.1;   6;    3.900;   0;   7.3;  14.4; 1006.60;   17.3;   74.00;   21.5;   12.7;   11.4;eor
        164;20230806;   10;  10.7;   3.7;    9;  22.0;   6;    0.000;   0;   7.2;  15.8;  997.50;   14.8;   93.00;   16.6;   12.6;   12.0;eor
        164;20230807;   10;  20.0;   7.8;    9;   0.0;   6;    2.300;   0;   7.6;  12.7;  997.00;   15.7;   72.00;   20.0;   12.5;   12.0;eor
        164;20230808;   10;  16.8;   5.9;    9;   5.2;   6;    4.000;   0;   6.7;  12.3; 1001.60;   14.5;   74.00;   18.3;   11.0;    9.6;eor
        164;20230809;   10;  11.5;   3.6;    9;   1.6;   6;    6.200;   0;   6.0;  12.2; 1007.10;   14.4;   75.00;   20.7;   10.0;    8.2;eor
        164;20230810;   10;   9.3;   2.9;    9;   0.0;   0;    6.600;   0;   5.3;  11.3; 1013.80;   15.4;   66.00;   20.4;   10.7;    8.3;eor
        164;20230811;   10;   7.6;   1.8;    9;   0.0;   0;   10.500;   0;   3.8;  13.6; 1014.90;   17.8;   68.00;   24.4;    9.3;    7.7;eor
        164;20230812;   10;  15.2;   2.6;    9;   9.1;   6;    2.600;   0;   6.6;  18.3; 1010.40;   21.1;   74.00;   26.0;   14.1;   12.2;eor
        164;20230813;   10;   8.1;   2.4;    9;   0.0;   0;   10.000;   0;   5.8;  17.0; 1011.00;   20.8;   71.00;   25.5;   16.2;   15.1;eor
        164;20230814;   10;   6.7;   2.4;    9;  15.4;   6;   10.700;   0;   5.0;  17.6; 1009.90;   23.2;   64.00;   29.4;   15.2;   14.2;eor
        164;20230815;   10;  10.2;   2.8;    9;   1.2;   6;    9.200;   0;   5.3;  22.7; 1009.50;   24.2;   77.00;   30.5;   19.0;   18.1;eor
        164;20230816;   10;   7.2;   2.6;    9;   0.0;   0;    9.800;   0;   3.9;  19.6; 1013.80;   22.3;   74.00;   27.8;   16.8;   15.8;eor
        164;20230817;   10;   8.5;   3.0;    9;   0.0;   0;    8.600;   0;   6.0;  17.1; 1014.00;   20.2;   74.00;   26.1;   14.4;   13.2;eor
        164;20230818;   10;  12.7;   2.5;    9;   0.0;   0;    8.100;   0;   4.6;  20.2; 1012.10;   22.2;   77.00;   29.0;   16.7;   16.0;eor
        164;20230819;   10;   5.2;   1.7;    9;   0.0;   0;   12.000;   0;   3.7;  21.0; 1011.60;   24.0;   73.00;   31.4;   17.0;   16.1;eor
        164;20230820;   10;   7.7;   2.7;    9;   0.0;   0;    7.000;   0;   4.4;  21.5; 1014.10;   23.0;   78.00;   28.8;   17.1;   15.9;eor
        164;20230821;   10;   9.5;   2.5;    9;   0.0;   0;    8.300;   0;   3.4;  16.8; 1015.60;   20.6;   72.00;   27.0;   13.9;   12.8;eor
        164;20230822;   10;   3.8;   1.3;    9;   0.0;   6;    2.500;   0;   5.1;  15.7; 1013.40;   18.8;   74.00;   23.7;   13.4;   12.0;eor
        164;20230823;   10;   9.8;   2.5;    9;   0.0;   0;   10.500;   0;   2.7;  15.6; 1012.10;   19.8;   70.00;   26.5;   13.3;   11.5;eor
        164;20230824;   10;   8.0;   2.1;    9;   0.8;   6;    7.400;   0;   6.5;  16.0; 1009.40;   21.5;   64.00;   27.2;   14.4;   13.2;eor
        164;20230825;   10;   8.5;   2.3;    9;   0.2;   6;    6.700;   0;   5.8;  19.7; 1002.20;   22.9;   72.00;   29.5;   18.6;   17.2;eor
        164;20230826;   10;  10.7;   3.1;    9;   0.1;   6;    3.300;   0;   7.6;  17.1; 1003.20;   19.5;   75.00;   25.7;   11.2;    9.7;eor
        164;20230827;   10;   5.0;   1.6;    9;   0.5;   6;    0.400;   0;   7.2;  14.4; 1003.60;   16.0;   80.00;   20.4;   10.0;    8.8;eor
        164;20230828;   10;   8.9;   2.8;    9;   0.0;   6;    4.800;   0;   6.6;  13.5; 1004.10;   15.7;   76.00;   19.2;   11.4;   10.2;eor
        164;20230829;   10;   5.9;   2.0;    9;   5.1;   6;    0.000;   0;   7.8;  14.9; 1002.50;   14.5;   90.00;   17.8;   12.9;   11.7;eor
        164;20230830;   10;   4.9;   1.8;    9;   0.5;   6;    0.500;   0;   7.2;  14.4; 1000.40;   15.7;   82.00;   20.3;   11.7;   10.0;eor
        164;20230831;   10;  12.0;   4.0;    9;   1.3;   6;    4.700;   0;   7.1;  12.9; 1001.60;   14.1;   81.00;   18.5;   11.5;   10.3;eor
        164;20230901;   10;  10.1;   3.7;    9;   0.0;   0;    6.600;   0;   3.2;  12.3; 1007.00;   14.7;   75.00;   20.7;    9.9;    6.8;eor
        164;20230902;   10;   7.5;   2.6;    9;   0.0;   0;   11.400;   0;   0.6;  13.1; 1013.40;   16.3;   73.00;   23.3;    9.0;    6.7;eor
        164;20230903;   10;   9.4;   3.4;    9;   0.0;   0;    2.800;   0;   7.8;  13.2; 1019.00;   16.5;   72.00;   21.3;   11.8;   10.8;eor
        164;20230904;   10;   5.8;   1.8;    9;   0.0;   0;   12.000;   0;   0.9;  14.0; 1021.20;   18.6;   69.00;   26.1;   12.2;    9.6;eor
        164;20230905;   10;   8.0;   2.5;    9;   0.0;   0;   12.000;   0;   4.6;  15.6; 1017.60;   20.3;   68.00;   27.4;   12.6;   10.9;eor
        164;20230906;   10;   5.0;   1.7;    9;   0.0;   0;   12.200;   0;   0.4;  15.7; 1017.00;   21.0;   67.00;   29.5;   12.3;   10.4;eor
        164;20230907;   10;   7.4;   2.3;    9;   0.0;   0;   12.100;   0;   4.4;  15.4; 1018.30;   20.8;   68.00;   29.2;   11.6;   10.5;eor
        164;20230908;   10;   8.4;   2.2;    9;   0.0;   0;   12.000;   0;   0.9;  14.9; 1015.20;   20.0;   69.00;   28.7;   11.7;    9.7;eor
        164;20230909;   10;   8.5;   2.1;    9;   0.0;   0;   12.000;   0;   4.8;  15.2; 1012.00;   20.8;   67.00;   29.7;   12.3;    9.9;eor
        164;20230910;   10;   5.7;   1.5;    9;   0.0;   0;   11.900;   0;   1.1;  15.3; 1010.40;   21.6;   65.00;   31.0;   11.9;    9.9;eor
        164;20230911;   10;   5.7;   1.5;    9;   0.0;   0;   10.600;   0;   5.4;  16.3; 1007.40;   21.3;   69.00;   30.5;   12.4;   11.2;eor
        164;20230912;   10;   9.6;   2.1;    9;   5.0;   6;   10.600;   0;   5.3;  16.9; 1005.90;   22.2;   66.00;   30.3;   14.3;   12.8;eor
        164;20230913;   10;  14.3;   3.3;    9;   2.3;   6;    1.900;   0;   7.6;  18.0; 1006.50;   18.0;   87.00;   22.9;   13.5;   12.8;eor
        164;20230914;   10;   8.9;   2.8;    9;   0.0;   0;   11.700;   0;   1.5;  11.7; 1015.40;   14.8;   72.00;   20.6;    9.7;    7.6;eor
        164;20230915;   10;   8.9;   2.3;    9;   0.0;   0;    8.700;   0;   1.5;  13.0; 1016.10;   15.5;   76.00;   23.6;    7.3;    6.3;eor
        164;20230916;   10;   7.0;   2.4;    9;   0.0;   0;   11.000;   0;   2.1;  13.4; 1011.60;   17.6;   68.00;   25.2;    9.1;    7.2;eor
        164;20230917;   10;   4.4;   1.3;    9;   0.0;   0;   10.900;   0;   6.3;  15.5; 1009.30;   19.0;   73.00;   27.3;   10.7;    9.1;eor
        164;20230918;   10;  12.8;   3.5;    9;   0.3;   6;    5.600;   0;   6.9;  17.0; 1002.40;   20.7;   71.00;   27.8;   14.3;   12.4;eor
        164;20230919;   10;  13.6;   5.0;    9;   0.0;   0;    5.700;   0;   7.3;  13.0; 1002.20;   17.3;   66.00;   21.1;   14.3;   12.9;eor
        164;20230920;   10;  12.3;   3.8;    9;   0.0;   0;    7.800;   0;   6.9;  13.4; 1003.40;   18.5;   63.00;   23.8;   14.3;   12.3;eor
        164;20230921;   10;   8.5;   3.5;    9;   0.1;   6;   10.700;   0;   3.4;  15.0;  997.20;   20.7;   64.00;   28.3;   13.4;   11.1;eor
        164;20230922;   10;   8.1;   2.7;    9;   2.2;   6;    0.000;   0;   7.4;  16.1;  996.60;   16.3;   87.00;   18.6;   13.2;   12.4;eor
        164;20230923;   10;  10.4;   3.6;    9;   0.0;   0;    6.800;   0;   4.3;  12.6; 1006.30;   14.4;   78.00;   18.2;   11.9;   10.2;eor
        164;20230924;   10;   7.0;   2.1;    9;   0.0;   0;    5.800;   0;   1.8;  11.8; 1019.50;   14.0;   76.00;   19.6;    9.4;    5.6;eor
        164;20230925;   10;   7.6;   2.4;    9;   0.0;   0;   10.600;   0;   2.8;  12.4; 1020.60;   14.7;   77.00;   21.8;    8.3;    5.6;eor
        164;20230926;   10;   6.3;   1.8;    9;   0.0;   0;    9.400;   0;   4.6;  14.9; 1016.80;   16.4;   81.00;   23.8;    8.4;    7.2;eor
        164;20230927;   10;   5.6;   1.4;    9;   0.0;   4;    6.500;   0;   5.0;  16.9; 1014.30;   18.1;   83.00;   26.4;   11.6;   10.1;eor
        164;20230928;   10;   7.4;   2.2;    9;   0.0;   0;    9.600;   0;   4.0;  15.5; 1011.00;   18.6;   74.00;   26.6;   13.5;   10.8;eor
        164;20230929;   10;  15.3;   2.4;    9;   0.5;   6;    2.000;   0;   7.8;  16.6; 1010.10;   17.6;   82.00;   20.8;   12.5;   10.8;eor
        164;20230930;   10;  12.3;   4.6;    9;   0.0;   0;    7.000;   0;   5.3;  12.1; 1016.60;   14.8;   73.00;   19.8;   11.4;   10.3;eor
        164;20231001;   10;   7.9;   2.9;    9;   0.0;   6;    3.200;   0;   7.9;  12.6; 1016.30;   15.5;   72.00;   20.2;   11.6;   10.6;eor
        164;20231002;   10;   8.3;   2.8;    9;   0.0;   0;    5.300;   0;   7.6;  15.5; 1013.10;   19.0;   72.00;   24.9;   14.7;   12.1;eor
        164;20231003;   10;  16.1;   5.2;    9;   2.3;   6;    3.300;   0;   6.8;  14.7; 1004.90;   17.7;   74.00;   25.3;   13.0;   10.8;eor
        164;20231004;   10;  14.1;   5.4;    9;   0.9;   6;    2.300;   0;   6.7;  11.9; 1014.80;   14.1;   74.00;   16.8;   12.5;   11.0;eor
        164;20231005;   10;  15.1;   4.9;    9;   0.4;   6;    3.200;   0;   6.8;  12.6; 1013.70;   13.2;   83.00;   16.0;   10.9;    9.3;eor
        164;20231006;   10;  14.5;   5.0;    9;   0.3;   6;    0.400;   0;   7.8;  13.3; 1013.10;   14.5;   81.00;   17.4;   10.1;    8.8;eor
        164;20231007;   10;  14.6;   5.2;    9;  11.3;   6;    0.000;   0;   7.7;  14.0; 1007.40;   13.6;   89.00;   17.1;   10.1;    9.8;eor
        164;20231008;   10;   7.5;   2.8;    9;   3.7;   6;    7.100;   0;   5.8;   8.9; 1017.10;   10.3;   72.00;   14.9;    6.0;    4.1;eor
        164;20231009;   10;   6.3;   2.2;    9;   0.2;   6;    0.600;   0;   7.9;  10.0; 1012.40;    9.2;   86.00;   11.6;    7.0;    6.4;eor
        164;20231010;   10;   5.6;   2.4;    9;   1.2;   6;    0.700;   0;   7.7;  13.0; 1011.10;   12.3;   90.00;   16.0;    9.0;    9.0;eor
        164;20231011;   10;  12.4;   4.5;    9;   1.1;   6;    5.500;   0;   7.5;  14.4; 1003.50;   17.9;   71.00;   22.5;   13.7;   12.2;eor
        164;20231012;   10;  14.0;   3.5;    9;   0.9;   6;    3.600;   0;   7.1;  12.0; 1005.60;   13.0;   81.00;   18.7;    6.9;    5.4;eor
        164;20231013;   10;  12.1;   4.6;    9;   7.3;   6;    0.200;   0;   8.0;  15.5; 1001.50;   16.3;   84.00;   21.1;    9.7;    9.6;eor
        164;20231014;   10;  18.1;   5.9;    9;   0.3;   6;    3.800;   0;   6.4;  11.5;  998.30;   13.2;   75.00;   18.9;    7.9;    6.8;eor
        164;20231015;   10;  14.7;   6.9;    9;   0.0;   0;    7.400;   0;   4.0;   7.7; 1006.50;    8.3;   70.00;   11.6;    5.9;    5.0;eor
        164;20231016;   10;  10.9;   4.0;    9;   0.3;   6;    4.600;   0;   6.0;   8.0; 1012.70;    6.5;   83.00;   11.6;    1.3;   -0.6;eor
        164;20231017;   10;   5.6;   1.8;    9;   0.0;   0;    5.900;   0;   5.1;   7.2; 1014.50;    6.3;   78.00;   11.8;    1.1;   -1.1;eor
        164;20231018;   10;   6.7;   2.0;    9;   0.0;   0;    9.000;   0;   3.9;   7.2; 1008.40;    5.8;   79.00;   12.5;   -0.7;   -2.4;eor
        164;20231019;   10;  10.5;   5.1;    9;   5.9;   6;    0.000;   0;   7.8;   8.2;  994.90;    6.9;   82.00;    9.0;    5.0;    4.1;eor
        164;20231020;   10;  14.0;   6.2;    9;  16.3;   6;    0.000;   0;   7.7;   8.1;  987.50;    4.9;   94.00;    6.4;    4.2;    4.0;eor
        164;20231021;   10;   7.3;   3.0;    9;   3.2;   6;    1.300;   0;   6.6;  11.2;  992.00;    9.4;   94.00;   16.1;    5.3;    4.8;eor
        164;20231022;   10;   7.1;   2.5;    9;   0.4;   6;    2.300;   0;   6.2;  11.9; 1001.50;   11.8;   86.00;   15.3;    7.8;    5.6;eor
        164;20231023;   10;   5.3;   1.6;    9;   0.0;   0;    3.100;   0;   6.4;  10.7; 1007.50;    9.4;   91.00;   13.9;    4.6;    3.7;eor
        164;20231024;   10;   6.1;   2.2;    9;  22.9;   6;    0.000;   0;   7.8;  11.8; 1000.30;   10.1;   95.00;   12.1;    4.8;    4.6;eor
        164;20231025;   10;   6.0;   1.9;    9;   1.4;   6;    0.700;   0;   7.7;  11.1;  994.50;    9.7;   92.00;   13.0;    4.4;    3.9;eor
        164;20231026;   10;   7.4;   2.2;    9;   1.5;   6;    0.000;   0;   8.0;  10.9;  988.80;    8.9;   96.00;   10.2;    7.5;    7.4;eor
        164;20231027;   10;   4.8;   1.7;    9;   1.5;   6;    0.000;   0;   7.8;  10.4;  988.80;    8.4;   94.00;    9.8;    7.5;    7.4;eor
        164;20231028;   10;   4.8;   2.2;    9;   1.5;   6;    0.000;   0;   7.8;  10.4;  994.00;    8.4;   94.00;    9.3;    7.4;    7.2;eor
        164;20231029;   10;  12.0;   4.3;    9;   3.8;   6;    0.000;   0;   7.6;  11.9;  993.30;   11.3;   89.00;   14.0;    8.7;    8.5;eor
        164;20231030;   10;  11.8;   3.5;    9;   1.8;   6;    4.100;   0;   7.6;  11.5;  995.60;   12.7;   79.00;   16.4;   10.3;    8.0;eor
        164;20231031;   10;  17.6;   4.7;    9;   0.4;   6;    0.300;   0;   6.5;  10.8;  990.70;   10.3;   86.00;   12.7;    3.9;    2.6;eor
        164;20231101;   10;   8.0;   3.0;    9;   0.0;   0;    2.400;   0;   7.0;   9.3;  998.90;    8.4;   83.00;   12.6;    2.8;    1.6;eor
        164;20231102;   10;  10.9;   4.0;    9;   3.3;   6;    2.400;   0;   6.9;  10.6;  986.30;   10.6;   83.00;   13.4;    7.7;    5.0;eor
        164;20231103;   10;   7.4;   2.4;    9;   0.0;   6;    0.000;   0;   8.0;  10.2;  980.20;    8.9;   89.00;   10.1;    6.6;    5.6;eor
        164;20231104;   10;  10.4;   4.7;    9;   1.8;   6;    3.600;   0;   7.4;   8.2;  981.30;    8.4;   75.00;   10.6;    6.3;    5.3;eor
        164;20231105;   10;  11.6;   3.9;    9;   7.3;   6;    1.100;   0;   7.5;  10.5;  974.50;    9.3;   89.00;   11.7;    6.9;    6.1;eor
        164;20231106;   10;  14.4;   5.6;    9;   0.0;   6;    1.900;   0;   5.0;   9.7;  991.90;   10.1;   78.00;   12.6;    8.0;    6.1;eor
        164;20231107;   10;  12.0;   3.9;    9;   0.0;   6;    5.800;   0;   5.3;   9.2; 1002.10;    9.4;   78.00;   13.0;    6.8;    4.4;eor
        164;20231108;   10;  12.2;   4.0;    9;   0.0;   6;    0.900;   0;   5.5;   8.8; 1004.10;    7.9;   83.00;   10.6;    5.5;    3.6;eor
        164;20231109;   10;  12.4;   4.0;    9;   0.0;   6;    0.100;   0;   7.8;   8.5;  998.00;    8.4;   77.00;   11.4;    4.5;    3.4;eor
        164;20231110;   10;  10.0;   3.2;    9;   1.2;   6;    2.400;   0;   6.3;   9.0;  993.50;    8.0;   84.00;   11.2;    5.6;    3.1;eor
        164;20231111;   10;   4.3;   1.7;    9;   0.0;   0;    2.400;   0;   6.2;   8.2;  995.10;    6.0;   88.00;    8.6;    2.7;    0.9;eor
        164;20231112;   10;   6.2;   1.7;    9;   0.8;   6;    1.400;   0;   7.7;   8.2;  999.80;    6.0;   88.00;    8.8;    4.1;    1.7;eor
        164;20231113;   10;  10.7;   3.2;    9;   3.3;   6;    6.100;   0;   5.9;   7.9;  998.70;    6.3;   83.00;    9.9;    3.2;    1.0;eor
        164;20231114;   10;  17.7;   6.2;    9;   1.8;   6;    0.100;   0;   7.0;  10.4;  990.60;   10.6;   81.00;   12.3;    8.9;    7.5;eor
        164;20231115;   10;  12.2;   3.5;    9;   3.7;   6;    0.000;   0;   7.9;   9.7; 1001.30;    7.8;   92.00;    9.6;    5.8;    5.4;eor
        164;20231116;   10;  14.5;   4.3;    9;   0.4;   6;    0.500;   0;   7.8;   7.8; 1003.50;    6.0;   83.00;    8.2;    1.5;    0.0;eor
        164;20231117;   10;  10.2;   5.0;    9;   0.6;   6;    0.700;   0;   7.0;   7.4; 1006.80;    4.1;   90.00;    6.0;    1.2;   -0.2;eor
        164;20231118;   10;   7.7;   2.9;    9;   0.8;   6;    0.300;   0;   7.7;   7.2; 1016.00;    4.2;   87.00;    6.6;    2.6;    0.8;eor
        164;20231119;   10;  11.1;   4.9;    9;   9.6;   6;    0.200;   0;   7.6;   9.0; 1000.50;    6.8;   89.00;   11.3;    2.9;    2.5;eor
        164;20231120;   10;   6.8;   2.0;    9;   2.9;   6;    0.000;   0;   7.8;  10.7;  999.30;    8.6;   95.00;   10.6;    4.9;    4.9;eor
        164;20231121;   10;   9.4;   4.0;    9;   0.1;   6;    0.000;   0;   7.5;   6.3; 1010.00;    2.2;   87.00;    4.9;   -0.6;   -2.0;eor
        164;20231122;   10;  10.3;   2.6;    9;   0.0;   6;    5.700;   0;   4.5;   4.5; 1020.60;   -0.7;   78.00;    2.4;   -4.6;   -6.4;eor
        164;20231123;   10;  20.4;   8.8;    9;  11.1;   6;    0.000;   0;   7.5;   8.7; 1000.00;    7.1;   83.00;   11.2;    0.2;    0.1;eor
        164;20231124;   10;  16.6;   7.3;    9;   1.8;   8;    2.500;   0;   5.3;   6.1;  989.80;    3.5;   78.00;    6.5;   -0.1;   -1.5;eor
        164;20231125;   10;  10.5;   4.7;    9;   1.4;   8;    4.200;   0;   5.5;   5.5;  996.40;    0.6;   85.00;    3.0;   -2.5;   -4.8;eor
        164;20231126;   10;   8.6;   3.3;    9;   0.0;   0;    3.600;   0;   5.9;   4.4; 1004.40;   -1.4;   79.00;    0.7;   -3.9;   -6.9;eor
        164;20231127;   10;   6.0;   2.2;    9;   0.0;   0;    2.800;   0;   7.5;   5.0;  999.60;   -1.1;   89.00;    1.1;   -3.7;   -5.1;eor
        164;20231128;   10;   7.3;   2.9;    9;   0.0;   0;    3.100;   0;   6.4;   4.3;  995.40;   -2.5;   84.00;    0.5;   -4.1;   -6.1;eor
        164;20231129;   10;   9.3;   4.0;    9;   2.6;   8;    0.000;   0;   7.7;   4.8;  994.40;   -1.3;   87.00;    0.4;   -3.0;   -3.3;eor
        164;20231130;   10;  10.3;   2.2;    9;   0.0;   0;    3.700;   5;   3.1;   3.8;  996.80;   -4.7;   87.00;   -0.5;  -12.2;  -16.7;eor
        164;20231201;   10;   4.5;   1.7;    3;   0.0;   0;    6.900;   3;   2.5;   3.0;  999.90;   -7.7;   87.00;   -2.2;  -13.1;  -16.7;eor
        164;20231202;   10;   6.1;   2.5;    3;   0.1;   7;    0.300;   3;   5.2;   3.8; 1003.90;   -5.9;   93.00;   -1.3;  -12.4;  -16.6;eor
        164;20231203;   10;   8.6;   4.0;    3;   0.0;   8;    0.700;   4;   7.7;   4.5; 1012.90;   -2.7;   90.00;   -1.4;   -4.6;   -8.3;eor
        164;20231204;   10;   7.5;   2.9;    3;   0.0;   7;    0.300;   3;   7.0;   3.9; 1011.10;   -4.4;   88.00;   -2.4;   -7.6;  -11.9;eor
        164;20231205;   10;   8.4;   4.5;    3;   1.0;   8;    0.000;   3;   7.7;   4.2; 1004.80;   -2.8;   84.00;   -1.7;   -5.4;   -6.9;eor
        164;20231206;   10;   6.5;   3.1;    3;   2.7;   8;    0.000;   6;   7.6;   5.0; 1006.60;   -1.6;   92.00;   -0.8;   -2.3;   -2.0;eor
        164;20231207;   10;   3.9;   1.6;    3;   0.0;   8;    0.000;   8;   8.0;   5.9; 1012.80;   -0.1;   97.00;    0.7;   -1.4;   -0.8;eor
        164;20231208;   10;  10.7;   4.0;    3;   0.1;   8;    0.000;   4;   7.9;   5.7; 1008.30;    0.1;   92.00;    0.5;   -0.7;   -0.2;eor
        164;20231209;   10;   9.1;   3.1;    3;   2.7;   8;    0.000;   3;   7.5;   6.4; 1003.00;    1.2;   96.00;    2.4;    0.1;   -0.3;eor
        164;20231210;   10;  13.2;   4.1;    3;   5.0;   6;    0.000;   0;   7.8;   7.7;  995.20;    3.9;   93.00;    7.3;    1.0;    0.4;eor
        164;20231211;   10;  12.4;   3.9;    3;   7.8;   6;    0.000;   0;   7.8;   9.4;  990.50;    7.0;   93.00;    8.3;    4.7;    4.3;eor
        164;20231212;   10;   7.1;   2.6;    3;   1.5;   6;    0.000;   0;   7.9;   8.1;  999.40;    4.4;   97.00;    5.1;    3.9;    3.9;eor
        164;20231213;   10;   8.8;   4.1;    3;   8.4;   6;    0.000;   0;   8.0;   7.7;  995.30;    3.7;   96.00;    4.4;    2.4;    2.3;eor
        164;20231214;   10;   6.3;   2.6;    3;   0.0;   6;    0.000;   0;   7.9;   6.5; 1008.80;    2.0;   93.00;    3.3;    0.7;   -0.8;eor
        164;20231215;   10;   8.2;   3.1;    3;   0.3;   6;    0.000;   0;   7.3;   7.1; 1023.20;    2.8;   95.00;    6.0;   -0.4;   -2.6;eor
        164;20231216;   10;  13.6;   5.0;    3;   0.0;   6;    1.400;   0;   7.3;   8.7; 1026.60;    6.8;   88.00;    8.3;    5.6;    4.3;eor
        164;20231217;   10;  13.7;   6.5;    3;   0.0;   0;    0.900;   0;   6.8;   9.2; 1023.50;    8.6;   82.00;   10.1;    6.7;    5.5;eor
        164;20231218;   10;  12.1;   5.1;    3;   0.1;   6;    0.000;   0;   8.0;   8.3; 1018.80;    7.0;   83.00;    7.5;    6.0;    5.5;eor
        164;20231219;   10;  11.0;   5.0;    3;   5.9;   6;    0.000;   0;   7.7;   8.8; 1008.00;    6.4;   91.00;    7.0;    6.0;    5.5;eor
        164;20231220;   10;  15.3;   6.1;    3;   9.0;   6;    0.200;   0;   7.1;   7.8;  998.60;    5.3;   87.00;    6.9;    3.5;    2.8;eor
        164;20231221;   10;  21.3;   7.1;    3;  11.1;   6;    0.000;   0;   6.8;   8.2;  979.70;    6.2;   86.00;    9.2;    2.1;    1.8;eor
        164;20231222;   10;  24.6;  11.4;    3;   0.0;   8;    1.500;   0;   4.6;   5.0;  979.80;    3.8;   62.00;    5.7;    1.4;    0.4;eor
        164;20231223;   10;  15.1;   6.8;    3;   3.6;   8;    0.000;   0;   6.7;   5.5;  991.20;    1.8;   79.00;    2.7;    0.7;   -0.4;eor
        164;20231224;   10;  17.3;   5.4;    3;   6.9;   6;    0.000;   0;   7.5;   9.0;  990.70;    6.0;   93.00;   11.6;    0.2;    0.0;eor
        164;20231225;   10;  19.3;   6.8;    3;  10.6;   6;    4.800;   0;   6.7;   8.3;  993.10;    8.7;   73.00;   10.6;    5.8;    2.7;eor
        164;20231226;   10;  17.6;   6.9;    3;   1.0;   6;    1.700;   0;   5.8;   8.8;  998.80;    7.6;   84.00;    9.3;    3.8;    2.6;eor
        164;20231227;   10;  11.6;   4.2;    3;   0.1;   6;    4.800;   0;   5.1;   6.7; 1012.00;    3.4;   86.00;    5.6;    1.8;    0.6;eor
        164;20231228;   10;  15.2;   5.3;    3;   0.0;   0;    3.800;   0;   7.3;   7.7; 1003.30;    7.9;   72.00;   10.6;    2.7;    1.3;eor
        164;20231229;   10;  16.2;   6.2;    3;   6.9;   6;    0.100;   0;   7.7;   8.5;  998.60;    8.6;   76.00;   10.1;    6.4;    5.8;eor
        164;20231230;   10;  13.4;   5.5;    3;   0.0;   6;    0.300;   0;   7.1;   7.4; 1002.50;    5.9;   80.00;    7.1;    3.1;    0.0;eor
        164;20231231;   10;   9.4;   3.7;    3;   0.2;   6;    0.100;   0;   7.9;   7.6; 1000.80;    5.0;   87.00;    6.8;    2.7;    1.4;eor
        164;20240101;   10;   7.9;   3.0;    3;   1.5;   6;    1.000;   0;   7.7;   7.9;  998.00;    5.4;   88.00;    7.7;    3.6;    1.4;eor
        164;20240102;   10;   8.2;   4.0;    3;  12.2;   6;    0.000;   0;   7.9;   7.7;  992.90;    4.3;   93.00;    6.0;    2.2;    0.8;eor
        164;20240103;   10;  12.1;   4.5;    3;   1.4;   6;    0.100;   0;   7.7;   9.3;  982.20;    8.6;   84.00;   10.9;    5.3;    5.0;eor
        164;20240104;   10;  17.0;   5.1;    3;   1.9;   8;    0.000;   0;   7.6;   6.9;  990.20;    3.6;   86.00;    9.1;   -0.7;   -0.8;eor
        164;20240105;   10;   9.6;   4.2;    3;   6.6;   8;    0.000;   0;   7.8;   5.0; 1000.40;   -0.9;   88.00;   -0.4;   -1.5;   -1.6;eor
        164;20240106;   10;  10.5;   5.3;    3;   0.0;   0;    0.000;   5;   7.9;   4.6; 1006.20;   -1.7;   84.00;   -0.9;   -5.5;   -9.2;eor
        164;20240107;   10;  14.8;   3.6;    3;   0.0;   8;    0.000;   5;   6.2;   3.7; 1017.00;   -3.6;   78.00;   -0.5;   -9.8;  -14.3;eor
        164;20240108;   10;   8.5;   3.5;    3;   0.0;   0;    6.800;   4;   0.0;   2.5; 1027.50;   -8.8;   78.00;   -5.8;  -11.8;  -17.1;eor
        164;20240109;   10;   2.8;   1.0;    3;   0.0;   0;    6.800;   4;   0.0;   2.3; 1031.20;  -10.3;   83.00;   -5.9;  -13.4;  -18.0;eor
        164;20240110;   10;   4.3;   1.0;    3;   0.0;   0;    2.700;   4;   3.9;   2.6; 1027.40;   -9.9;   90.00;   -4.6;  -12.8;  -15.8;eor
        164;20240111;   10;   8.8;   3.8;    3;   0.0;   8;    0.000;   4;   8.0;   5.5; 1022.30;   -0.8;   94.00;    1.2;   -4.6;   -4.4;eor
        164;20240112;   10;   9.5;   3.6;    3;   0.0;   8;    0.000;   4;   8.0;   5.6; 1020.10;   -0.4;   95.00;    0.5;   -1.3;   -1.8;eor
        164;20240113;   10;  14.0;   5.9;    3;   2.0;   8;    0.000;   4;   7.6;   6.2; 1006.10;    1.6;   91.00;    2.8;    0.3;    0.0;eor
        164;20240114;   10;  12.5;   6.4;    3;   0.5;   8;    0.400;   0;   7.5;   6.2;  993.30;    2.0;   88.00;    2.9;    1.1;    0.2;eor
        164;20240115;   10;  21.1;   7.3;    3;   4.5;   8;    0.900;   0;   7.7;   5.1;  985.50;    0.1;   82.00;    1.9;   -2.1;   -4.2;eor
        164;20240116;   10;   8.2;   2.5;    3;   1.5;   8;    0.000;   4;   7.0;   4.7;  997.70;   -2.2;   90.00;    0.1;   -5.7;  -14.4;eor
        164;20240117;   10;   7.6;   2.7;    3;   0.0;   0;    0.500;   6;   5.6;   4.1;  989.00;   -3.3;   86.00;   -1.5;   -6.7;   -7.5;eor
        164;20240118;   10;   8.1;   2.5;    3;   0.0;   0;    3.800;   5;   4.7;   4.1;  990.10;   -3.7;   88.00;   -0.9;   -5.3;   -9.3;eor
        164;20240119;   10;  16.2;   6.9;    3;   0.0;   8;    3.900;   5;   3.8;   4.6; 1005.90;   -0.7;   80.00;    1.5;   -3.6;   -5.7;eor
        164;20240120;   10;  16.4;   7.3;    3;   0.0;   0;    2.900;   5;   7.0;   5.3; 1016.40;    1.4;   79.00;    2.3;   -1.8;   -4.2;eor
        164;20240121;   10;  10.8;   4.6;    3;   0.3;   6;    0.500;   4;   7.3;   3.8; 1017.20;   -0.3;   65.00;    2.8;   -3.6;   -6.5;eor
        164;20240122;   10;  16.7;   7.1;    3;   5.5;   6;    0.000;   1;   7.3;   7.7; 1002.10;    6.0;   81.00;    9.3;    2.4;    1.3;eor
        164;20240123;   10;  16.3;   6.5;    3;   4.0;   6;    0.900;   0;   7.1;   7.2; 1009.40;    5.7;   78.00;    8.0;    4.2;    2.7;eor
        164;20240124;   10;  25.6;   9.7;    3;   3.7;   6;    1.100;   0;   7.3;   8.9; 1001.30;    8.2;   82.00;   10.5;    4.4;    3.4;eor
        164;20240125;   10;  23.8;   8.2;    3;   0.0;   6;    1.700;   0;   6.8;   7.0; 1012.70;    6.7;   72.00;    8.4;    3.5;    1.0;eor
        164;20240126;   10;  20.8;   5.5;    3;   4.4;   6;    0.000;   0;   6.5;   7.4; 1012.80;    4.5;   88.00;    8.9;    1.1;   -1.7;eor
        164;20240127;   10;  18.2;   6.9;    3;   0.0;   0;    0.900;   0;   6.3;   6.7; 1023.00;    5.1;   77.00;    7.2;    2.0;    0.3;eor
        164;20240128;   10;   8.0;   3.1;    3;   0.0;   0;    7.700;   0;   3.5;   6.2; 1027.80;    2.5;   85.00;    6.6;   -1.2;   -3.2;eor
        164;20240129;   10;   7.6;   3.2;    3;   0.0;   0;    6.900;   0;   6.8;   5.4; 1022.80;    3.2;   71.00;    8.2;   -0.3;   -1.6;eor
        164;20240130;   10;   7.2;   2.6;    3;   0.0;   6;    2.200;   0;   8.0;   6.1; 1021.20;    4.0;   74.00;    8.6;    0.3;   -1.6;eor
        164;20240131;   10;  13.2;   5.6;    3;   1.0;   6;    0.500;   0;   7.8;   6.9; 1020.90;    5.6;   75.00;    8.8;    3.8;    3.2;eor
        164;20240201;    3;  16.1;   6.9;    3;   0.0;   6;    3.450;   0;   6.5;   6.8; 1014.52;    5.8;   73.88;    7.7;    3.9;    3.0;eor
        164;20240202;    3;  12.4;   5.9;    3;   1.1;   6;    0.000;   0;   7.5;   7.6; 1014.15;    5.3;   84.63;    7.6;    3.7;    2.5;eor
        164;20240203;    3;  13.8;   6.6;    3;   1.3;   6;    0.567;   0;   7.3;   9.9; 1008.92;    9.0;   86.00;   11.3;    6.1;    4.7;eor
        164;20240204;    3;  15.6;   7.4;    3;   3.5;   6;    0.000;   0;   7.7;   7.6; 1005.45;    6.6;   78.21;    7.6;    5.5;    4.3;eor
        164;20240205;    3;  17.6;   7.8;    3;  11.5;   6;    0.000;   0;   7.6;   9.6; 1000.59;    8.2;   88.25;    9.4;    6.3;    5.7;eor
        164;20240206;    3;  21.7;   8.8;    3;   8.8;   6;    0.000;   0;   7.6;   9.7;  995.09;    9.3;   82.67;   11.0;    7.5;    6.9;eor
        164;20240207;    3;  17.9;   6.2;    3;   0.5;   6;    0.433;   0;   7.8;   6.1;  993.60;    3.3;   77.54;    7.3;   -0.7;   -2.4;eor
        164;20240208;    3;   5.6;   2.4;    3;   0.3;   8;    0.000;   0;   7.4;   5.6;  995.33;    0.5;   88.29;    2.8;   -1.9;   -3.8;eor
        164;20240209;    3;  10.2;   3.8;    3;   6.6;   8;    0.000;   0;   7.8;   6.6;  986.65;    1.5;   96.58;    3.7;    0.1;    0.0;eor
        164;20240210;    3;   6.1;   2.0;    3;   6.5;   6;    0.000;   0;   8.0;   9.3;  985.75;    5.9;   99.13;    9.0;    3.4;    3.3;eor
        164;20240211;    3;   8.9;   3.4;    3;   9.9;   6;    0.000;   0;   8.0;   9.6;  985.41;    6.5;   98.67;    7.2;    5.8;    5.8;eor
        164;20240212;    3;  11.4;   4.6;    3;   2.1;   6;    0.067;   0;   7.6;   8.4;  992.68;    5.9;   90.42;    7.6;    4.6;    3.4;eor
        164;20240213;    3;  11.0;   4.2;    3;   0.0;   6;    2.883;   0;   7.2;   7.2; 1008.64;    5.6;   80.04;    8.6;    2.8;    0.5;eor
        164;20240214;    3;   6.6;   3.0;    3;   2.0;   6;    0.000;   0;   7.5;   8.2; 1010.65;    4.9;   92.92;    8.9;    0.8;   -1.1;eor
        164;20240215;    3;   6.4;   2.8;    3;   0.2;   6;    0.000;   0;   7.8;  12.0; 1010.40;   10.3;   95.96;   12.0;    8.7;    8.2;eor
        164;20240216;    3;  10.2;   4.1;    3;   2.0;   6;    2.950;   0;   7.8;  11.3; 1007.72;   11.3;   84.83;   14.5;    7.8;    6.7;eor
        164;20240217;    3;  15.4;   5.3;    3;   0.0;   6;    0.333;   0;   7.5;   8.5; 1019.43;    7.9;   78.92;   11.4;    3.7;    2.2;eor
        164;20240218;    3;   9.4;   3.5;    3;   3.2;   6;    0.783;   0;   7.9;   7.1; 1021.48;    5.9;   75.96;    7.8;    3.3;    1.3;eor
        164;20240219;    3;  17.1;   5.4;    3;   3.9;   6;    0.017;   0;   7.6;   9.3; 1010.19;    7.2;   91.33;    8.0;    5.8;    4.3;eor
        164;20240220;    3;  13.3;   4.6;    3;   0.3;   6;    0.750;   0;   7.7;   9.0; 1014.17;    7.3;   87.67;    8.5;    6.5;    5.5;eor
        164;20240221;    3;  12.3;   4.1;    3;   0.0;   6;    0.683;   0;   7.7;   9.0; 1007.32;    8.1;   82.83;   10.6;    6.5;    5.6;eor
        164;20240222;    3;  11.6;   4.0;    3;   3.2;   6;    0.000;   0;   7.8;   9.8;  987.54;    8.6;   86.83;   10.5;    7.0;    6.3;eor
        164;20240223;    3;  16.8;   5.4;    3;   0.0;   0;    5.950;   0;   6.9;   7.0;  988.05;    7.9;   65.13;   11.0;    3.2;   -0.2;eor
        164;20240224;    3;  10.9;   3.2;    3;   0.0;   0;    7.750;   0;   3.6;   6.5;  996.12;    6.0;   70.63;   11.9;    1.0;   -2.7;eor
        164;20240225;    3;   9.1;   2.9;    3;   0.0;   6;    7.700;   0;   5.1;   6.9;  999.71;    5.7;   75.71;   10.9;    1.6;   -1.4;eor
        164;20240226;    3;   8.5;   2.8;    3;   0.0;   6;    6.150;   0;   7.8;   7.2; 1001.19;    4.5;   84.96;   10.8;   -2.2;   -3.2;eor
        164;20240227;    3;   7.9;   3.1;    3;   0.0;   0;    0.000;   0;   8.0;   7.6; 1009.10;    4.0;   92.79;    5.2;    3.0;    1.9;eor
        164;20240228;    3;   6.2;   2.7;    3;   0.0;   6;    0.000;   0;   7.6;   6.6; 1014.41;    2.1;   91.63;    3.3;   -1.6;   -3.4;eor
        164;20240229;    3;   9.6;   3.9;    3;   0.0;   0;    9.250;   0;   5.4;   6.6; 1010.35;    3.4;   84.25;    7.4;   -1.3;   -3.6;eor
        164;20240301;    3;   8.7;   2.8;    3;   0.4;   6;    0.000;   0;   8.0;   9.6; 1001.18;    8.0;   89.88;   10.5;    4.5;    2.8;eor
        164;20240302;    3;   6.4;   2.4;    3;   0.0;   6;    1.883;   0;   7.8;  10.6; 1000.83;    9.3;   90.67;   12.5;    5.3;    4.3;eor
        164;20240303;    3;   8.2;   3.4;    3;   0.0;   0;    2.233;   0;   6.9;  10.3; 1000.03;    9.9;   85.21;   13.6;    6.1;    3.8;eor
        164;20240304;    3;   8.1;   3.4;    3;   0.0;   0;    8.883;   0;   3.0;   8.9; 1004.08;    8.0;   83.29;   12.5;    4.8;    2.8;eor
        164;20240305;    3;   9.9;   2.8;    3;   0.0;   0;    3.400;   0;   5.0;   6.4; 1010.70;    3.3;   82.54;    6.2;   -0.1;   -1.9;eor
        164;20240306;    3;   6.9;   2.5;    3;   0.0;   0;    0.000;   0;   7.5;   7.1; 1017.89;    3.1;   91.75;    6.7;   -1.8;   -2.7;eor
        164;20240307;    3;   7.7;   2.8;    3;   0.0;   0;   10.117;   0;   2.0;   6.1; 1020.30;    3.6;   78.08;    8.3;   -1.6;   -4.0;eor
        164;20240308;    3;   8.5;   2.7;    3;   0.0;   0;   10.283;   0;   0.0;   5.1; 1014.62;    2.5;   72.71;    8.9;   -3.5;   -5.9;eor
        164;20240309;    3;  12.0;   4.7;    3;   0.0;   0;    6.733;   0;   3.6;   6.3; 1004.73;    5.3;   70.50;   11.1;   -0.6;   -2.2;eor
        164;20240310;    3;  12.4;   6.0;    3;   0.0;   6;    4.883;   0;   5.4;   7.7;  998.80;    8.0;   71.71;   12.4;    2.7;    0.5;eor
        164;20240311;    3;  11.1;   4.0;    3;   0.0;   0;    0.217;   0;   7.8;   9.4;  998.71;    9.3;   80.79;   12.4;    4.7;    2.0;eor
        164;20240312;    3;   7.1;   1.9;    3;   0.0;   0;    3.700;   0;   7.9;   8.7; 1006.30;    8.5;   79.04;   13.6;    2.5;   -0.6;eor
        164;20240313;    3;   7.9;   2.4;    3;   0.0;   6;    6.117;   0;   6.0;   8.5; 1009.36;    9.6;   71.92;   14.1;    6.4;    4.1;eor
        164;20240314;    3;   8.2;   2.9;    3;   0.0;   0;    0.050;   0;   8.0;  10.1; 1007.34;   10.3;   80.96;   14.3;    7.0;    4.6;eor
        164;20240315;    3;  12.6;   3.2;    3;   1.7;   6;    4.767;   0;   7.7;  11.0; 1002.54;   11.3;   82.92;   18.1;    6.7;    4.1;eor
        164;20240316;    3;  14.7;   5.5;    3;   2.2;   6;    3.900;   0;   5.0;   9.1; 1006.21;    9.3;   76.21;   14.1;    4.6;    3.4;eor
        164;20240317;    3;  11.5;   4.4;    3;   0.0;   0;    4.767;   0;   4.3;   5.6; 1016.21;    3.7;   71.50;    7.6;   -2.6;   -5.4;eor
        164;20240318;    3;   7.2;   2.1;    3;   0.0;   0;    9.117;   0;   4.7;   4.8; 1015.50;    0.8;   75.00;    6.3;   -4.6;   -7.0;eor
        164;20240319;    3;   9.3;   2.6;    3;   0.0;   0;    9.567;   0;   4.1;   5.1; 1016.24;    3.2;   68.67;    8.8;   -4.0;   -6.7;eor
        164;20240320;    3;   6.3;   2.3;    3;   0.9;   6;    3.367;   0;   7.8;   7.1; 1013.60;    9.0;   62.21;   14.3;    2.8;    0.1;eor
        164;20240321;    3;  11.2;   3.9;    3;   2.4;   6;    1.900;   0;   7.7;  10.3; 1012.02;   10.2;   82.67;   15.3;    5.5;    3.3;eor
        164;20240322;    3;  10.8;   3.8;    3;   4.2;   6;    0.000;   0;   7.8;   9.9; 1007.10;    9.0;   85.79;   12.1;    5.7;    4.6;eor
        164;20240323;    3;   9.0;   3.1;    3;   6.1;   6;    1.983;   0;   5.8;   7.9;  998.34;    5.7;   86.00;    8.5;    2.7;    1.2;eor
        164;20240324;    3;  12.5;   3.8;    3;   7.6;   6;    2.700;   0;   6.5;   7.2;  993.33;    4.2;   87.21;    7.1;    1.3;   -0.1;eor
        164;20240325;    3;  12.2;   3.6;    3;   3.1;   6;    3.717;   0;   7.4;   8.0;  996.34;    6.1;   85.54;   10.7;    2.2;   -0.5;eor
        164;20240326;    3;  12.0;   3.6;    3;   0.0;   0;    7.300;   0;   7.3;   7.1;  994.06;    6.8;   73.79;   12.0;    0.6;   -1.6;eor
        164;20240327;    3;  10.0;   3.7;    3;   0.0;   0;    6.917;   0;   7.1;   8.3;  983.19;   11.3;   62.25;   17.6;    4.7;    0.6;eor
        164;20240328;    3;  17.7;   4.5;    3;   0.2;   6;    2.383;   0;   5.6;   8.6;  981.87;    9.2;   74.38;   14.6;    5.7;    2.6;eor
        164;20240329;    3;  17.6;   4.5;    3;   0.0;   6;    1.633;   0;   6.8;   8.3;  993.33;   10.9;   64.71;   15.9;    5.7;    3.2;eor
        164;20240330;    3;   6.3;   2.2;    3;   0.0;   0;    4.900;   0;   5.5;  11.3;  993.85;   14.2;   70.92;   21.3;    6.5;    3.8;eor
        164;20240331;    3;   4.3;   1.6;    3;   0.0;   0;    5.000;   0;  -999;  11.8;  991.48;   13.9;   75.38;   19.9;    7.9;    5.9;eor
        164;20240401;    3;  14.7;   3.7;    3;   0.0;   6;    1.017;   0;   6.8;  11.1;  988.68;   12.0;   79.79;   19.2;    5.2;    2.8;eor
        164;20240402;    3;  17.2;   6.5;    3;   5.2;   6;    1.850;   0;   6.8;   9.5;  994.88;   10.5;   75.50;   14.7;    8.0;    6.6;eor
        164;20240403;    3;  10.6;   3.9;    3;  -999;   6;    3.783;   0;   7.5;   9.1; 1000.02;    8.2;   83.33;   11.2;    4.5;    4.8;eor
        164;20240404;    3;  11.6;   3.9;    3;  -999;   6;    3.567;   0;   7.4;  11.3; 1000.35;   11.6;   83.46;   14.9;    9.1;    8.4;eor
        164;20240405;    3;  13.2;   4.5;    3;  -999;   6;    4.617;   0;   7.0;  12.0; 1004.06;   14.0;   74.92;   18.0;   10.0;    8.1;eor
        164;20240406;    3;   9.7;   3.2;    3;   0.0;   0;    6.400;   0;   7.4;  13.0; 1007.76;   16.7;   69.42;   22.2;   11.7;   10.4;eor
        164;20240407;    3;  10.8;   2.7;    3;   0.0;   6;    5.150;   0;   6.9;  13.1; 1007.73;   17.6;   66.17;   22.3;   12.9;   10.8;eor
        164;20240408;    3;   7.6;   1.9;    3;   0.0;   6;    5.600;   0;   6.0;  15.4; 1004.03;   17.5;   76.96;   23.5;   13.0;   10.2;eor
        164;20240409;    3;  15.6;   4.0;    3;  -999;   6;    6.133;   0;   5.4;  13.9; 1002.16;   17.1;   72.29;   26.4;   10.5;    8.9;eor
        164;20240410;    3;  13.4;   4.3;    3;   0.0;   0;    2.000;   0;   6.4;   9.1; 1018.25;   11.4;   67.54;   14.4;    7.6;    3.6;eor
        164;20240411;    3;  12.1;   3.9;    3;   0.0;   6;    4.117;   0;   5.8;   9.0; 1024.13;   12.3;   64.46;   16.1;    6.3;    3.7;eor
        164;20240412;    3;  11.5;   3.8;    3;   0.0;   0;    0.800;   0;   7.9;  12.7; 1021.68;   15.2;   73.13;   18.3;   12.0;    9.8;eor
        164;20240413;    3;  11.2;   4.2;    3;   0.0;   6;    9.267;   0;   7.1;  12.7; 1014.88;   16.9;   67.13;   21.4;   11.9;    8.4;eor
        164;20240414;    3;  16.1;   5.9;    3;   0.0;   0;    8.083;   0;   6.9;   8.7; 1009.08;   14.0;   54.25;   17.7;    6.6;    4.3;eor
        164;20240415;    3;  14.2;   2.8;    3;   7.9;   6;    4.033;   0;   7.0;   8.3;  999.38;    8.9;   73.38;   12.4;    4.9;    2.0;eor
        164;20240416;    3;  13.9;   6.1;    3;   2.3;   6;    1.433;   0;   7.7;   7.6;  992.90;    6.0;   81.00;    8.9;    3.5;    2.8;eor
        164;20240417;    3;  13.4;   2.9;    3;   2.9;   6;    5.367;   0;   5.8;   7.0; 1001.28;    4.9;   82.25;   10.3;    1.0;   -0.3;eor
        164;20240418;    3;   9.2;   2.8;    3;   0.2;   6;    7.083;   0;   5.8;   6.8; 1007.19;    6.0;   74.33;   11.0;    0.3;   -1.4;eor
        164;20240419;    3;  10.1;   3.3;    3;   4.4;   6;    0.050;   0;   7.7;   8.0;  997.87;    5.8;   86.63;    6.9;    4.2;    3.6;eor
        164;20240420;    3;  12.4;   4.0;    3;   0.3;   6;    4.050;   0;   6.3;   6.5; 1007.56;    3.9;   80.21;    8.0;   -1.8;   -4.0;eor
        164;20240421;    3;  12.6;   2.8;    3;   0.0;   6;    8.267;   0;   2.1;   5.2; 1016.84;    2.7;   71.21;    9.4;   -2.6;   -5.1;eor
        164;20240422;    3;   8.2;   2.2;    3;   1.4;   8;    1.783;   0;   7.4;   5.8; 1017.20;    2.7;   78.67;    5.9;   -0.8;   -2.7;eor
        164;20240423;    3;  10.4;   2.3;    3;   0.0;   6;    3.917;   0;   6.6;   5.5; 1011.32;    4.2;   69.42;    8.3;   -0.5;   -2.4;eor
        164;20240424;    3;   8.4;   2.7;    3;   0.7;   6;    1.600;   0;   7.4;   6.4; 1000.68;    6.6;   66.46;    9.8;    3.3;    2.3;eor
        164;20240425;    3;   7.4;   2.2;    3;   0.1;   6;    5.117;   0;   6.4;   7.3;  997.85;    6.0;   79.54;   10.0;    1.5;   -1.0;eor
        164;20240426;    3;  12.1;   3.5;    3;   0.0;   0;    9.833;   0;   5.3;   6.7; 1000.68;    9.0;   61.71;   14.6;    2.7;    0.7;eor
        164;20240427;    3;   8.8;   2.4;    3;   0.0;   0;    9.417;   0;   4.1;   8.2; 1004.77;   13.0;   57.04;   20.6;    3.1;    0.8;eor
        164;20240428;    3;  10.6;   3.7;    3;   0.1;   6;    8.550;   0;   6.9;   9.8; 1007.22;   16.2;   54.58;   23.2;    6.8;    3.2;eor
        164;20240429;    3;   7.3;   2.7;    3;   0.1;   6;    6.233;   0;   7.6;  11.5; 1015.72;   15.3;   66.67;   19.6;    9.3;    7.4;eor
        164;20240430;    3;  10.6;   3.2;    3;   0.0;   0;   13.000;   0;   3.8;  11.7; 1012.28;   18.2;   58.75;   28.4;    7.8;    5.8;eor
        164;20240501;    3;  12.9;   4.4;    3;   0.0;   0;   12.950;   0;   4.7;  11.7; 1005.84;   19.7;   53.25;   26.0;   11.5;    8.6;eor
        164;20240502;    3;  14.8;   5.0;    3;   0.0;   0;   12.000;   0;   1.4;  11.5; 1000.07;   19.4;   53.33;   25.9;   10.7;    7.9;eor
        164;20240503;    3;  10.3;   3.1;    3;   0.0;   6;   12.133;   0;   3.0;  13.2; 1002.83;   18.6;   63.75;   25.4;   10.2;    8.0;eor
        164;20240504;    1;   5.9;   2.4;    1;   0.1;   6;    4.133;   0;   7.5;  14.0; 1008.41;   15.4;   80.75;   20.1;   11.3;   10.0;eor
        164;20240505;    1;  10.7;   3.6;    1;   0.0;   6;    4.467;   0;   5.0;  12.5; 1001.74;   15.3;   72.67;   20.3;   10.5;    9.0;eor
        164;20240506;    1;  11.2;   3.5;    1;   0.0;   0;    8.417;   0;   6.8;  10.0; 1002.54;   12.8;   68.92;   18.2;    7.3;    4.5;eor
        164;20240507;    1;   9.9;   3.8;    1;   0.0;   0;    4.450;   0;   7.5;   9.7; 1011.83;   11.2;   74.25;   17.8;    6.4;    5.7;eor
        164;20240508;    1;   8.6;   2.6;    1;   0.0;   0;   13.200;   0;   4.8;   7.7; 1019.18;   11.2;   62.33;   18.0;    4.7;    3.2;eor
        164;20240509;    1;   6.3;   1.6;    1;   0.0;   6;   12.750;   0;   4.4;   8.3; 1019.21;   12.2;   61.63;   19.9;    3.4;    1.3;eor
        164;20240510;    1;   7.0;   2.2;    1;   0.0;   0;    2.833;   0;   7.6;  11.6; 1016.48;   14.8;   70.58;   21.3;    9.4;    8.1;eor
        164;20240511;    1;   9.5;   2.0;    1;   0.0;   0;    1.767;   0;   7.3;  11.9; 1016.81;   13.5;   78.21;   18.9;    9.0;    7.3;eor
        164;20240512;    1;   8.6;   3.0;    1;   0.0;   0;   14.150;   0;   2.3;   8.1; 1016.56;   13.7;   55.25;   20.4;    7.3;    4.2;eor
        164;20240513;    1;  10.2;   3.4;    1;   0.0;   0;   14.333;   0;   0.4;   7.9; 1011.83;   15.2;   49.75;   23.7;    4.8;    1.8;eor
        164;20240514;    1;  11.6;   3.9;    1;   0.0;   0;   14.383;   0;   0.0;   8.2; 1008.38;   17.2;   45.46;   24.7;    7.8;    4.1;eor
        164;20240515;    1;  13.3;   5.4;    1;   0.0;   0;   14.400;   0;   2.8;   8.8; 1007.48;   18.5;   43.88;   25.1;    8.7;    6.0;eor
        164;20240516;    1;  16.5;   5.6;    1;   0.0;   0;   14.000;   0;   1.6;   9.3; 1006.23;   19.1;   43.08;   25.3;   10.7;    7.5;eor
        164;20240517;    1;  17.2;   5.8;    1;   0.0;   0;   13.650;   0;   2.1;   9.0; 1005.42;   19.2;   41.92;   25.2;   11.8;    8.3;eor
        164;20240518;    1;   9.2;   2.5;    1;   2.9;   6;    2.833;   0;   6.7;  12.3; 1004.75;   15.6;   69.88;   20.3;    9.5;    7.1;eor
        164;20240519;    1;   9.0;   2.1;    1;   2.2;   6;    5.233;   0;   6.3;  14.5; 1003.38;   16.0;   80.50;   20.4;   11.7;    9.6;eor
        164;20240520;    1;   9.5;   2.2;    1;   0.3;   6;    9.617;   0;   3.6;  14.3; 1005.55;   16.3;   79.04;   22.2;    9.6;    8.4;eor
        164;20240521;    1;  11.8;   4.1;    1;   0.0;   6;   12.167;   0;   4.5;  14.2; 1005.02;   19.8;   64.92;   27.0;   11.0;    9.3;eor
        164;20240522;    1;  12.8;   4.2;    1;  37.1;   6;    2.583;   0;   7.8;  17.1; 1001.15;   20.3;   73.46;   28.0;   15.6;   15.7;eor
        164;20240523;    1;   9.2;   3.1;    1;   0.1;   6;    1.933;   0;   7.4;  16.2; 1007.06;   17.0;   84.08;   21.5;   13.4;   11.6;eor
        164;20240524;    1;   9.3;   2.9;    1;   0.8;   6;   12.400;   0;   6.5;  15.2; 1012.20;   18.3;   73.96;   24.1;   11.7;   10.2;eor
        164;20240525;    1;   9.3;   2.5;    1;   0.0;   6;    6.483;   0;   7.1;  16.5; 1010.94;   18.8;   77.38;   24.2;   13.3;   12.5;eor
        164;20240526;    1;   9.9;   2.3;    1;   2.2;   6;   10.733;   0;   5.5;  16.3; 1011.55;   19.7;   73.50;   26.4;   13.2;   11.9;eor
        164;20240527;    1;  12.3;   2.7;    1;   1.4;   6;    4.917;   0;   7.8;  16.5; 1010.30;   19.2;   75.00;   24.9;   14.6;   13.8;eor
        164;20240528;    1;   8.5;   2.7;    1;   1.9;   6;    2.317;   0;   6.5;  14.7; 1009.45;   15.7;   82.75;   18.5;   12.1;   10.3;eor
        164;20240529;    1;  10.3;   3.3;    1;   0.3;   6;    8.567;   0;   6.5;  12.9; 1006.25;   17.3;   67.79;   22.8;   10.7;    8.2;eor
        164;20240530;    1;  11.2;   2.5;    1;   3.0;   6;    4.217;   0;   6.8;  15.5;  999.46;   17.3;   79.96;   23.6;   12.9;   10.5;eor
        164;20240531;    1;  15.6;   1.8;    1;   1.5;   6;    8.917;   0;   6.0;  16.0; 1001.11;   17.4;   82.08;   24.0;   11.8;   10.7;eor
        164;20240601;    1;  11.5;   3.4;    1;   0.0;   6;   11.617;   0;   3.8;  17.6; 1004.09;   20.2;   76.29;   26.3;   14.9;   13.8;eor
        164;20240602;    1;  12.1;   4.9;    1;   0.0;   0;   10.383;   0;   5.2;  17.5; 1007.05;   20.0;   75.92;   25.4;   14.5;   13.2;eor
        164;20240603;    1;   7.9;   3.6;    1;   0.0;   6;    0.000;   0;   7.7;  13.2; 1009.19;   14.8;   78.33;   16.3;   12.7;   10.2;eor
        164;20240604;    1;   5.8;   2.2;    1;   0.0;   0;    2.033;   0;   7.5;  13.3; 1006.91;   16.4;   72.00;   20.6;   12.9;   11.1;eor
        164;20240605;    1;  11.4;   3.0;    1;   1.9;   6;    4.000;   0;   5.9;  14.0; 1003.85;   15.9;   77.79;   21.4;   11.3;    9.5;eor
        164;20240606;    1;   8.8;   2.7;    1;   0.0;   6;   10.917;   0;   6.1;  10.7; 1009.97;   15.4;   63.46;   19.8;   11.2;    9.5;eor
        164;20240607;    1;   9.8;   2.3;    1;   0.2;   6;    5.433;   0;   5.8;  11.1; 1010.48;   14.9;   67.33;   20.2;   10.2;    8.3;eor
        164;20240608;    1;  13.2;   3.6;    1;   0.0;   0;   10.483;   0;   2.9;  11.0; 1004.15;   17.6;   57.33;   25.1;    8.3;    5.5;eor
        164;20240609;    1;  11.7;   4.0;    1;   0.0;   0;   13.567;   0;   1.0;   9.1; 1001.22;   14.4;   58.63;   20.1;    8.6;    6.9;eor
        164;20240610;    1;   8.9;   3.2;    1;   2.4;   6;    6.967;   0;   5.5;  10.5;  999.42;   14.0;   67.25;   18.6;    8.2;    6.0;eor
        164;20240611;    1;  15.4;   5.0;    1;   0.4;   6;    3.717;   0;   6.0;  11.1; 1002.50;   12.6;   76.50;   15.8;    9.9;    8.5;eor
        164;20240612;    1;  15.5;   4.1;    1;   2.0;   6;    7.967;   0;   4.1;  10.5; 1009.31;   12.4;   73.83;   17.1;    9.1;    7.1;eor
        164;20240613;    1;   8.9;   2.6;    1;   0.1;   6;    6.033;   0;   6.8;   9.8; 1010.35;   13.1;   66.54;   18.2;    8.9;    6.3;eor
        164;20240614;    1;  10.4;   2.8;    1;   0.0;   6;    0.433;   0;   7.9;  11.2; 1006.68;   14.6;   68.04;   19.7;    8.3;    5.6;eor
        164;20240615;    1;  11.6;   3.2;    1;   1.6;   6;    4.450;   0;   6.3;  13.2; 1000.86;   16.0;   73.33;   21.2;   10.7;    7.8;eor
        164;20240616;    1;   8.9;   2.3;    1;   0.1;   6;    8.100;   0;   5.5;  12.0; 1003.38;   17.8;   62.67;   24.2;    8.7;    6.4;eor
        164;20240617;    1;  12.1;   2.5;    1;   0.4;   6;    5.967;   0;   7.2;  15.2; 1005.70;   18.6;   71.96;   24.5;   13.8;   11.0;eor
        164;20240618;    1;  11.0;   1.7;    1;   3.8;   6;    7.117;   0;   7.1;  16.7; 1007.36;   19.3;   77.00;   25.5;   12.6;   10.2;eor
        164;20240619;    1;   8.9;   3.0;    1;   0.2;   6;    1.917;   0;   6.6;  14.4; 1008.82;   15.5;   82.25;   19.1;   10.6;    8.7;eor
        164;20240620;    1;   7.4;   2.0;    1;   0.0;   0;   13.133;   0;   5.6;  12.4; 1014.65;   17.0;   66.96;   22.8;    8.6;    6.7;eor
        164;20240621;    1;   8.9;   2.4;    1;   4.6;   6;    4.267;   0;   6.3;  17.7; 1007.03;   19.8;   77.42;   25.8;   13.2;   12.0;eor
        164;20240622;    1;  13.0;   4.3;    1;   1.6;   6;    5.500;   0;   5.5;  16.2; 1002.66;   18.8;   75.38;   22.1;   14.2;   11.2;eor
        164;20240623;    1;  12.0;   4.0;    1;   0.0;   0;    9.317;   0;   4.3;  13.6; 1010.24;   17.4;   70.33;   22.6;   12.2;    9.7;eor
        164;20240624;    1;   6.2;   2.2;    1;   0.0;   0;   13.000;   0;   3.5;  14.1; 1013.70;   18.8;   67.58;   25.8;   11.3;    9.2;eor
        164;20240625;    1;   8.6;   2.6;    1;   0.0;   0;   11.033;   0;   3.7;  14.8; 1012.44;   20.0;   66.50;   27.4;   11.5;   10.2;eor
        164;20240626;    1;   7.1;   2.5;    1;   0.0;   0;   14.067;   0;   2.2;  17.0; 1007.42;   23.4;   61.46;   30.3;   15.0;   13.2;eor
        164;20240627;    1;   9.6;   2.8;    1;   0.0;   6;   12.117;   0;   5.9;  20.3; 1002.77;   25.3;   64.79;   32.3;   17.3;   16.2;eor
        164;20240628;    1;  13.0;   3.6;    1;   0.0;   6;    9.983;   0;   5.3;  18.4; 1005.53;   23.0;   66.25;   29.2;   15.1;   12.9;eor
        164;20240629;    1;   8.0;   2.4;    1;   3.0;   6;   13.533;   0;   3.5;  15.0; 1009.11;   22.0;   59.79;   28.8;   12.6;   11.0;eor
        164;20240630;    1;  11.7;   3.5;    1;  18.9;   6;    0.900;   0;   7.8;  20.4;  998.27;   20.5;   84.58;   26.4;   15.7;   15.1;eor
        164;20240701;    1;   7.9;   2.6;    1;   3.6;   6;    0.883;   0;   7.5;  16.5; 1003.74;   16.9;   86.21;   20.4;   12.6;   12.0;eor
        164;20240702;    1;  12.4;   4.5;    1;   2.8;   6;    1.567;   0;   7.2;  14.5; 1002.97;   15.0;   84.92;   19.0;   11.9;   11.2;eor
        164;20240703;    1;   9.4;   3.6;    1;   0.0;   6;    1.117;   0;   8.0;  12.1; 1001.56;   15.0;   71.83;   17.8;   12.5;   12.0;eor
        164;20240704;    1;  14.8;   3.6;    1;   2.2;   6;    4.800;   0;   5.8;  13.3;  999.84;   14.8;   80.00;   19.4;   11.9;    9.8;eor
        164;20240705;    1;  10.1;   3.4;    1;   0.0;   0;    7.700;   0;   4.2;  11.4; 1003.24;   15.9;   65.42;   21.3;   10.1;    8.9;eor
        164;20240706;    1;  24.6;   4.4;    1;   5.5;   6;    9.983;   0;   6.3;  15.9;  998.44;   20.3;   69.00;   30.2;   11.3;    9.9;eor
        164;20240707;    1;   9.9;   3.9;    1;   0.0;   0;   12.367;   0;   7.3;  11.2; 1006.58;   17.9;   55.96;   22.5;   12.2;   10.4;eor
        164;20240708;    1;  10.0;   1.8;    1;   0.0;   6;    9.233;   0;   5.0;  12.7; 1011.56;   18.9;   61.88;   25.8;   10.8;    9.3;eor
        164;20240709;    1;   9.1;   2.4;    1;   0.0;   0;   10.733;   0;   4.8;  16.2; 1011.97;   23.3;   59.00;   30.7;   15.0;   14.2;eor
        164;20240710;    1;  29.0;   2.4;    1;  15.3;   6;    8.917;   0;   6.3;  21.9; 1008.08;   23.3;   77.33;   30.4;   17.6;   16.2;eor
        164;20240711;    1;   9.7;   2.4;    1;   0.0;   6;    7.917;   0;   5.2;  19.8; 1009.21;   22.0;   76.46;   26.0;   17.9;   16.7;eor
        164;20240712;    1;   9.5;   2.9;    1;   1.3;   6;    0.933;   0;   7.3;  19.1; 1005.71;   20.6;   79.92;   26.1;   16.8;   15.4;eor
        164;20240713;    1;  10.6;   3.7;    1;   0.2;   6;    3.883;   0;   5.9;  15.0; 1004.24;   17.3;   76.63;   21.3;   12.7;   10.5;eor
        164;20240714;    1;  11.9;   2.0;    1;   0.0;   6;    7.700;   0;   5.7;  13.7; 1007.25;   18.4;   67.17;   24.2;   10.8;    9.2;eor
        164;20240715;    1;   8.6;   2.0;    1;   0.0;   6;   12.750;   0;   4.6;  15.0; 1006.40;   22.2;   58.54;   28.6;   15.5;   13.2;eor
